2026-08-12 13:07:15,898 INFO    station.main       ==============================================================
2026-08-12 13:07:15,916 INFO    station.main       DRONE DETECTION STATION — acoustic + visual sensor fusion
2026-08-12 13:07:15,916 INFO    station.main       ==============================================================
2026-08-12 13:07:15,916 INFO    station.main         camera 0 (FAR/IMX477): focal 1274 px, derived visual range ~20 m
2026-08-12 13:07:15,916 INFO    station.main         camera 1 (NEAR/IMX708): focal 502 px, derived visual range ~8 m
2026-08-12 13:07:15,916 INFO    station.main         camera 0: boresight azimuth NOT CALIBRATED -> acoustic bearing cue disabled
2026-08-12 13:07:15,916 INFO    station.main         camera 1: boresight azimuth NOT CALIBRATED -> acoustic bearing cue disabled
2026-08-12 13:07:15,916 INFO    station.main         camera-range gate: acquire <= 20 m, release > 30 m
2026-08-12 13:07:15,916 INFO    station.main         ^ DERIVED from optics, not assumed. A 0.25 m drone spans 16 px at 20 m on the FAR camera, which is the smallest box this configuration expects the detector to resolve.
2026-08-12 13:07:15,916 INFO    station.main         camera switch: NEAR below 1.50 m, FAR above 2.00 m, 5-frame confirmation
2026-08-12 13:07:15,916 INFO    station.main         HEF: C:\Users\user\Drone_AI\acoustic_radar\bestty_yolo260508.hef
2026-08-12 13:07:15,916 INFO    station.main       --------------------------------------------------------------
2026-08-12 13:07:16,620 INFO    station.acoustic   loading acoustic model...
2026-08-12 13:07:18,632 INFO    station.acoustic   acoustic model loaded (decision threshold 0.775)
2026-08-12 13:07:18,683 INFO    station.camera     opening cameras (640x480 @ 30 fps)...
2026-08-12 13:07:18,683 ERROR   station.camera     camera subsystem could not start: CameraManager: no cameras could be opened at startup.
2026-08-12 13:07:18,937 INFO    station.main       shutting down...
2026-08-12 13:07:21,948 WARNING station.acoustic   audio thread did not stop within 3.0s (blocked in device read) — leaving it to the daemon shutdown
2026-08-12 13:07:21,948 INFO    station.main       session: 6 s, 34 UI frames (5.6 fps average)
2026-08-12 13:07:21,948 INFO    station.main       camera: 0.0 fps, inference 0 ms
2026-08-12 13:07:21,948 INFO    station.main       stopped.
2026-08-12 13:13:40,158 INFO    station.main       ==============================================================
2026-08-12 13:13:40,158 INFO    station.main       DRONE DETECTION STATION — acoustic + visual sensor fusion
2026-08-12 13:13:40,158 INFO    station.main       ==============================================================
2026-08-12 13:13:40,158 INFO    station.main         camera 0 (FAR/IMX477): focal 1274 px, derived visual range ~20 m
2026-08-12 13:13:40,158 INFO    station.main         camera 1 (NEAR/IMX708): focal 502 px, derived visual range ~8 m
2026-08-12 13:13:40,158 INFO    station.main         camera 0: boresight azimuth NOT CALIBRATED -> acoustic bearing cue disabled
2026-08-12 13:13:40,158 INFO    station.main         camera 1: boresight azimuth NOT CALIBRATED -> acoustic bearing cue disabled
2026-08-12 13:13:40,158 INFO    station.main         camera-range gate: acquire <= 20 m, release > 30 m
2026-08-12 13:13:40,158 INFO    station.main         ^ DERIVED from optics, not assumed. A 0.25 m drone spans 16 px at 20 m on the FAR camera, which is the smallest box this configuration expects the detector to resolve.
2026-08-12 13:13:40,158 INFO    station.main         camera switch: NEAR below 1.50 m, FAR above 2.00 m, 5-frame confirmation
2026-08-12 13:13:40,158 INFO    station.main         HEF: C:\Users\user\Drone_AI\acoustic_radar\bestty_yolo260508.hef
2026-08-12 13:13:40,158 INFO    station.main       --------------------------------------------------------------
2026-08-12 13:13:40,691 INFO    station.acoustic   loading acoustic model...
2026-08-12 13:13:40,875 INFO    station.acoustic   acoustic model loaded (decision threshold 0.775)
2026-08-12 13:13:41,280 INFO    station.camera     opening cameras (640x480 @ 30 fps)...
2026-08-12 13:13:41,280 ERROR   station.camera     camera subsystem could not start: CameraManager: no cameras could be opened at startup.
2026-08-12 13:13:42,878 INFO    station.acoustic   microphone: Microphone Array (Realtek High  — 2 кан. @ 16000 Гц (оброблене стерео)
2026-08-12 13:13:42,878 INFO    station.acoustic   DOA: USB DOA: ❌ недоступний | SRP-PHAT: доступний | зсув +0°
2026-08-12 13:13:43,458 INFO    station.acoustic   audio logging: C:\Users\user\Drone_AI\acoustic_radar\detections (0 saved)
2026-08-12 13:13:43,459 INFO    station.acoustic   acoustic loop running (2.0 Hz decision rate)
2026-08-12 13:13:44,024 WARNING station            acoustic block took 563 ms of its 500 ms budget
2026-08-12 13:13:45,220 INFO    station.main       shutting down...
2026-08-12 13:13:45,757 INFO    station.acoustic   acoustic block processing: mean 566 ms, max 703 ms (budget 500 ms)
2026-08-12 13:13:45,757 INFO    station.acoustic   acoustic worker stopped
2026-08-12 13:13:45,757 INFO    station.main       session: 6 s, 143 UI frames (25.6 fps average)
2026-08-12 13:13:45,757 INFO    station.main       acoustic block time: mean 566 ms (budget 500 ms)
2026-08-12 13:13:45,757 INFO    station.main       camera: 0.0 fps, inference 0 ms
2026-08-12 13:13:45,757 INFO    station.main       stopped.
2026-08-12 13:15:31,175 INFO    station.main       ==============================================================
2026-08-12 13:15:31,175 INFO    station.main       DRONE DETECTION STATION — acoustic + visual sensor fusion
2026-08-12 13:15:31,176 INFO    station.main       ==============================================================
2026-08-12 13:15:31,176 INFO    station.main         camera 0 (FAR/IMX477): focal 1274 px, derived visual range ~20 m
2026-08-12 13:15:31,177 INFO    station.main         camera 1 (NEAR/IMX708): focal 502 px, derived visual range ~8 m
2026-08-12 13:15:31,178 INFO    station.main         camera 0: boresight azimuth NOT CALIBRATED -> acoustic bearing cue disabled
2026-08-12 13:15:31,178 INFO    station.main         camera 1: boresight azimuth NOT CALIBRATED -> acoustic bearing cue disabled
2026-08-12 13:15:31,179 INFO    station.main         camera-range gate: acquire <= 20 m, release > 30 m
2026-08-12 13:15:31,179 INFO    station.main         ^ DERIVED from optics, not assumed. A 0.25 m drone spans 16 px at 20 m on the FAR camera, which is the smallest box this configuration expects the detector to resolve.
2026-08-12 13:15:31,179 INFO    station.main         camera switch: NEAR below 1.50 m, FAR above 2.00 m, 5-frame confirmation
2026-08-12 13:15:31,179 INFO    station.main         HEF: C:\Users\user\Drone_AI\acoustic_radar\bestty_yolo260508.hef
2026-08-12 13:15:31,180 INFO    station.main       --------------------------------------------------------------
2026-08-12 13:15:31,731 INFO    station.acoustic   loading acoustic model...
2026-08-12 13:15:31,913 INFO    station.acoustic   acoustic model loaded (decision threshold 0.775)
2026-08-12 13:15:32,330 INFO    station.camera     opening cameras (640x480 @ 30 fps)...
2026-08-12 13:15:32,332 ERROR   station.camera     camera subsystem could not start: CameraManager: no cameras could be opened at startup.
2026-08-12 13:15:33,924 INFO    station.acoustic   microphone: Microphone Array (Realtek High  — 2 кан. @ 16000 Гц (оброблене стерео)
2026-08-12 13:15:33,924 INFO    station.acoustic   DOA: USB DOA: ❌ недоступний | SRP-PHAT: доступний | зсув +0°
2026-08-12 13:15:34,111 INFO    station.acoustic   audio logging: C:\Users\user\Drone_AI\acoustic_radar\detections (0 saved)
2026-08-12 13:15:34,111 INFO    station.acoustic   acoustic loop running (2.0 Hz decision rate, 500 ms processing budget per block)
2026-08-12 13:15:37,210 INFO    station.main       shutting down...
2026-08-12 13:15:37,656 INFO    station.acoustic   acoustic block processing: mean 6 ms, max 15 ms (budget 500 ms)
2026-08-12 13:15:37,656 INFO    station.acoustic   acoustic worker stopped
2026-08-12 13:15:37,656 INFO    station.main       session: 6 s, 170 UI frames (26.3 fps average)
2026-08-12 13:15:37,656 INFO    station.main       acoustic block time: mean 6 ms (budget 500 ms)
2026-08-12 13:15:37,656 INFO    station.main       camera: 0.0 fps, inference 0 ms
2026-08-12 13:15:37,656 INFO    station.main       stopped.
2026-08-12 13:17:57,020 INFO    station.fusion     STATE SEARCHING -> ACOUSTIC_DETECTED  (acoustic contact)  priority=ACOUSTIC
2026-08-12 13:17:57,020 INFO    station.fusion     STATE ACOUSTIC_DETECTED -> ACOUSTIC_TRACKING  (acoustic alarm confirmed)  priority=ACOUSTIC
2026-08-12 13:17:57,031 INFO    station.fusion     STATE SEARCHING -> ACOUSTIC_DETECTED  (acoustic contact)  priority=ACOUSTIC
2026-08-12 13:17:57,031 INFO    station.fusion     STATE ACOUSTIC_DETECTED -> ACOUSTIC_TRACKING  (acoustic alarm confirmed)  priority=ACOUSTIC
2026-08-12 13:17:57,031 INFO    station.fusion     STATE ACOUSTIC_TRACKING -> VISUAL_ACQUISITION  (acoustic confirmed; range unknown, acquiring anyway)  priority=ACOUSTIC
2026-08-12 13:18:00,736 INFO    station.fusion     STATE SEARCHING -> ACOUSTIC_DETECTED  (acoustic contact)  priority=ACOUSTIC
2026-08-12 13:18:00,736 INFO    station.fusion     STATE SEARCHING -> ACOUSTIC_DETECTED  (acoustic contact)  priority=ACOUSTIC
2026-08-12 13:18:00,736 INFO    station.fusion     STATE ACOUSTIC_DETECTED -> ACOUSTIC_TRACKING  (acoustic alarm confirmed)  priority=ACOUSTIC
2026-08-12 13:18:00,736 INFO    station.fusion     STATE ACOUSTIC_TRACKING -> VISUAL_TRACKING  (YOLO confirmed the target)  priority=CAMERA
2026-08-12 13:18:59,307 INFO    station.fusion     STATE SEARCHING -> ACOUSTIC_DETECTED  (acoustic contact)  priority=ACOUSTIC
2026-08-12 13:18:59,307 INFO    station.fusion     STATE ACOUSTIC_DETECTED -> ACOUSTIC_TRACKING  (acoustic alarm confirmed)  priority=ACOUSTIC
2026-08-12 13:18:59,307 INFO    station.fusion     STATE ACOUSTIC_TRACKING -> VISUAL_TRACKING  (YOLO confirmed the target)  priority=CAMERA
2026-08-12 13:18:59,307 INFO    station.fusion     STATE SEARCHING -> ACOUSTIC_DETECTED  (acoustic contact)  priority=ACOUSTIC
2026-08-12 13:18:59,307 INFO    station.fusion     STATE ACOUSTIC_DETECTED -> ACOUSTIC_TRACKING  (acoustic alarm confirmed)  priority=ACOUSTIC
2026-08-12 13:18:59,315 INFO    station.fusion     STATE ACOUSTIC_TRACKING -> VISUAL_TRACKING  (YOLO confirmed the target)  priority=CAMERA
2026-08-12 13:18:59,315 INFO    station.fusion     STATE VISUAL_TRACKING -> VISUAL_LOST_ACOUSTIC_TRACKING  (visual track lost, acoustic still holds the target)  priority=ACOUSTIC
2026-08-12 13:18:59,315 INFO    station.fusion     STATE VISUAL_LOST_ACOUSTIC_TRACKING -> VISUAL_ACQUISITION  (re-cueing camera from acoustic bearing)  priority=ACOUSTIC
2026-08-12 13:18:59,315 INFO    station.fusion     STATE VISUAL_ACQUISITION -> ACOUSTIC_TRACKING  (camera offline, reverting to acoustic)  priority=ACOUSTIC
2026-08-12 13:18:59,323 INFO    station.fusion     STATE SEARCHING -> ACOUSTIC_DETECTED  (acoustic contact)  priority=ACOUSTIC
2026-08-12 13:18:59,323 INFO    station.fusion     STATE ACOUSTIC_DETECTED -> ACOUSTIC_TRACKING  (acoustic alarm confirmed)  priority=ACOUSTIC
2026-08-12 13:18:59,356 INFO    station.fusion     STATE ACOUSTIC_TRACKING -> VISUAL_TRACKING  (YOLO confirmed the target)  priority=CAMERA
2026-08-12 13:18:59,623 INFO    station.fusion     STATE VISUAL_TRACKING -> VISUAL_LOST_ACOUSTIC_TRACKING  (visual track lost, acoustic still holds the target)  priority=ACOUSTIC
2026-08-12 13:18:59,623 INFO    station.fusion     STATE VISUAL_LOST_ACOUSTIC_TRACKING -> VISUAL_ACQUISITION  (re-cueing camera from acoustic bearing)  priority=ACOUSTIC
2026-08-12 13:18:59,623 INFO    station.fusion     STATE VISUAL_ACQUISITION -> ACOUSTIC_TRACKING  (target left camera range)  priority=ACOUSTIC
2026-08-12 13:18:59,673 INFO    station.fusion     STATE ACOUSTIC_TRACKING -> VISUAL_TRACKING  (YOLO confirmed the target)  priority=CAMERA
2026-08-12 13:18:59,706 INFO    station.fusion     STATE VISUAL_TRACKING -> VISUAL_LOST_ACOUSTIC_TRACKING  (visual track lost, acoustic still holds the target)  priority=ACOUSTIC
2026-08-12 13:18:59,706 INFO    station.fusion     STATE VISUAL_LOST_ACOUSTIC_TRACKING -> VISUAL_ACQUISITION  (re-cueing camera from acoustic bearing)  priority=ACOUSTIC
2026-08-12 13:18:59,706 INFO    station.fusion     STATE VISUAL_ACQUISITION -> ACOUSTIC_TRACKING  (target left camera range)  priority=ACOUSTIC
2026-08-12 13:18:59,756 INFO    station.fusion     STATE ACOUSTIC_TRACKING -> VISUAL_TRACKING  (YOLO confirmed the target)  priority=CAMERA
2026-08-12 13:19:00,020 INFO    station.fusion     STATE VISUAL_TRACKING -> VISUAL_LOST_ACOUSTIC_TRACKING  (visual track lost, acoustic still holds the target)  priority=ACOUSTIC
2026-08-12 13:19:00,021 INFO    station.fusion     STATE VISUAL_LOST_ACOUSTIC_TRACKING -> VISUAL_ACQUISITION  (re-cueing camera from acoustic bearing)  priority=ACOUSTIC
2026-08-12 13:19:00,024 INFO    station.fusion     STATE VISUAL_ACQUISITION -> ACOUSTIC_TRACKING  (target left camera range)  priority=ACOUSTIC
2026-08-12 13:19:00,059 INFO    station.fusion     STATE ACOUSTIC_TRACKING -> VISUAL_TRACKING  (YOLO confirmed the target)  priority=CAMERA
2026-08-12 13:19:00,090 INFO    station.fusion     STATE VISUAL_TRACKING -> VISUAL_LOST_ACOUSTIC_TRACKING  (visual track lost, acoustic still holds the target)  priority=ACOUSTIC
2026-08-12 13:19:00,090 INFO    station.fusion     STATE VISUAL_LOST_ACOUSTIC_TRACKING -> VISUAL_ACQUISITION  (re-cueing camera from acoustic bearing)  priority=ACOUSTIC
2026-08-12 13:19:00,090 INFO    station.fusion     STATE VISUAL_ACQUISITION -> ACOUSTIC_TRACKING  (target left camera range)  priority=ACOUSTIC
2026-08-12 13:19:00,137 INFO    station.fusion     STATE ACOUSTIC_TRACKING -> VISUAL_TRACKING  (YOLO confirmed the target)  priority=CAMERA
2026-08-12 13:19:00,373 INFO    station.fusion     STATE VISUAL_TRACKING -> VISUAL_LOST_ACOUSTIC_TRACKING  (visual track lost, acoustic still holds the target)  priority=ACOUSTIC
2026-08-12 13:19:00,373 INFO    station.fusion     STATE VISUAL_LOST_ACOUSTIC_TRACKING -> VISUAL_ACQUISITION  (re-cueing camera from acoustic bearing)  priority=ACOUSTIC
2026-08-12 13:19:00,389 INFO    station.fusion     STATE VISUAL_ACQUISITION -> ACOUSTIC_TRACKING  (target left camera range)  priority=ACOUSTIC
2026-08-12 13:19:00,436 INFO    station.fusion     STATE ACOUSTIC_TRACKING -> VISUAL_TRACKING  (YOLO confirmed the target)  priority=CAMERA
2026-08-12 13:19:00,467 INFO    station.fusion     STATE VISUAL_TRACKING -> VISUAL_LOST_ACOUSTIC_TRACKING  (visual track lost, acoustic still holds the target)  priority=ACOUSTIC
2026-08-12 13:19:00,467 INFO    station.fusion     STATE VISUAL_LOST_ACOUSTIC_TRACKING -> VISUAL_ACQUISITION  (re-cueing camera from acoustic bearing)  priority=ACOUSTIC
2026-08-12 13:19:00,467 INFO    station.fusion     STATE VISUAL_ACQUISITION -> ACOUSTIC_TRACKING  (target left camera range)  priority=ACOUSTIC
2026-08-12 13:19:00,522 INFO    station.fusion     STATE ACOUSTIC_TRACKING -> VISUAL_TRACKING  (YOLO confirmed the target)  priority=CAMERA
2026-08-12 13:19:00,771 INFO    station.fusion     STATE VISUAL_TRACKING -> VISUAL_LOST_ACOUSTIC_TRACKING  (visual track lost, acoustic still holds the target)  priority=ACOUSTIC
2026-08-12 13:19:00,773 INFO    station.fusion     STATE VISUAL_LOST_ACOUSTIC_TRACKING -> VISUAL_ACQUISITION  (re-cueing camera from acoustic bearing)  priority=ACOUSTIC
2026-08-12 13:19:00,773 INFO    station.fusion     STATE VISUAL_ACQUISITION -> ACOUSTIC_TRACKING  (target left camera range)  priority=ACOUSTIC
2026-08-12 13:19:00,824 INFO    station.fusion     STATE ACOUSTIC_TRACKING -> VISUAL_TRACKING  (YOLO confirmed the target)  priority=CAMERA
2026-08-12 13:19:00,840 INFO    station.fusion     STATE VISUAL_TRACKING -> VISUAL_LOST_ACOUSTIC_TRACKING  (visual track lost, acoustic still holds the target)  priority=ACOUSTIC
2026-08-12 13:19:00,840 INFO    station.fusion     STATE VISUAL_LOST_ACOUSTIC_TRACKING -> VISUAL_ACQUISITION  (re-cueing camera from acoustic bearing)  priority=ACOUSTIC
2026-08-12 13:19:00,840 INFO    station.fusion     STATE VISUAL_ACQUISITION -> ACOUSTIC_TRACKING  (target left camera range)  priority=ACOUSTIC
2026-08-12 13:19:00,889 INFO    station.fusion     STATE ACOUSTIC_TRACKING -> VISUAL_TRACKING  (YOLO confirmed the target)  priority=CAMERA
2026-08-12 13:19:01,139 INFO    station.fusion     STATE VISUAL_TRACKING -> VISUAL_LOST_ACOUSTIC_TRACKING  (visual track lost, acoustic still holds the target)  priority=ACOUSTIC
2026-08-12 13:19:01,139 INFO    station.fusion     STATE VISUAL_LOST_ACOUSTIC_TRACKING -> VISUAL_ACQUISITION  (re-cueing camera from acoustic bearing)  priority=ACOUSTIC
2026-08-12 13:19:01,139 INFO    station.fusion     STATE VISUAL_ACQUISITION -> ACOUSTIC_TRACKING  (target left camera range)  priority=ACOUSTIC
2026-08-12 13:19:01,189 INFO    station.fusion     STATE ACOUSTIC_TRACKING -> VISUAL_TRACKING  (YOLO confirmed the target)  priority=CAMERA
2026-08-12 13:19:01,223 INFO    station.fusion     STATE VISUAL_TRACKING -> VISUAL_LOST_ACOUSTIC_TRACKING  (visual track lost, acoustic still holds the target)  priority=ACOUSTIC
2026-08-12 13:19:01,223 INFO    station.fusion     STATE VISUAL_LOST_ACOUSTIC_TRACKING -> VISUAL_ACQUISITION  (re-cueing camera from acoustic bearing)  priority=ACOUSTIC
2026-08-12 13:19:01,238 INFO    station.fusion     STATE VISUAL_ACQUISITION -> ACOUSTIC_TRACKING  (target left camera range)  priority=ACOUSTIC
2026-08-12 13:19:01,272 INFO    station.fusion     STATE ACOUSTIC_TRACKING -> VISUAL_TRACKING  (YOLO confirmed the target)  priority=CAMERA
2026-08-12 13:19:01,539 INFO    station.fusion     STATE VISUAL_TRACKING -> VISUAL_LOST_ACOUSTIC_TRACKING  (visual track lost, acoustic still holds the target)  priority=ACOUSTIC
2026-08-12 13:19:01,539 INFO    station.fusion     STATE VISUAL_LOST_ACOUSTIC_TRACKING -> VISUAL_ACQUISITION  (re-cueing camera from acoustic bearing)  priority=ACOUSTIC
2026-08-12 13:19:01,539 INFO    station.fusion     STATE VISUAL_ACQUISITION -> ACOUSTIC_TRACKING  (target left camera range)  priority=ACOUSTIC
2026-08-12 13:19:01,590 INFO    station.fusion     STATE ACOUSTIC_TRACKING -> VISUAL_TRACKING  (YOLO confirmed the target)  priority=CAMERA
2026-08-12 13:19:01,606 INFO    station.fusion     STATE VISUAL_TRACKING -> VISUAL_LOST_ACOUSTIC_TRACKING  (visual track lost, acoustic still holds the target)  priority=ACOUSTIC
2026-08-12 13:19:01,606 INFO    station.fusion     STATE VISUAL_LOST_ACOUSTIC_TRACKING -> VISUAL_ACQUISITION  (re-cueing camera from acoustic bearing)  priority=ACOUSTIC
2026-08-12 13:19:01,606 INFO    station.fusion     STATE VISUAL_ACQUISITION -> ACOUSTIC_TRACKING  (target left camera range)  priority=ACOUSTIC
2026-08-12 13:19:01,656 INFO    station.fusion     STATE ACOUSTIC_TRACKING -> VISUAL_TRACKING  (YOLO confirmed the target)  priority=CAMERA
2026-08-12 13:19:01,920 INFO    station.fusion     STATE VISUAL_TRACKING -> VISUAL_LOST_ACOUSTIC_TRACKING  (visual track lost, acoustic still holds the target)  priority=ACOUSTIC
2026-08-12 13:19:01,920 INFO    station.fusion     STATE VISUAL_LOST_ACOUSTIC_TRACKING -> VISUAL_ACQUISITION  (re-cueing camera from acoustic bearing)  priority=ACOUSTIC
2026-08-12 13:19:01,920 INFO    station.fusion     STATE VISUAL_ACQUISITION -> ACOUSTIC_TRACKING  (target left camera range)  priority=ACOUSTIC
2026-08-12 13:19:01,973 INFO    station.fusion     STATE ACOUSTIC_TRACKING -> VISUAL_TRACKING  (YOLO confirmed the target)  priority=CAMERA
2026-08-12 13:19:02,004 INFO    station.fusion     STATE VISUAL_TRACKING -> VISUAL_LOST_ACOUSTIC_TRACKING  (visual track lost, acoustic still holds the target)  priority=ACOUSTIC
2026-08-12 13:19:02,004 INFO    station.fusion     STATE VISUAL_LOST_ACOUSTIC_TRACKING -> VISUAL_ACQUISITION  (re-cueing camera from acoustic bearing)  priority=ACOUSTIC
2026-08-12 13:19:02,004 INFO    station.fusion     STATE VISUAL_ACQUISITION -> ACOUSTIC_TRACKING  (target left camera range)  priority=ACOUSTIC
2026-08-12 13:19:02,044 INFO    station.fusion     STATE ACOUSTIC_TRACKING -> VISUAL_TRACKING  (YOLO confirmed the target)  priority=CAMERA
2026-08-12 13:19:02,295 INFO    station.fusion     STATE VISUAL_TRACKING -> VISUAL_LOST_ACOUSTIC_TRACKING  (visual track lost, acoustic still holds the target)  priority=ACOUSTIC
2026-08-12 13:19:02,295 INFO    station.fusion     STATE VISUAL_LOST_ACOUSTIC_TRACKING -> VISUAL_ACQUISITION  (re-cueing camera from acoustic bearing)  priority=ACOUSTIC
2026-08-12 13:19:02,295 INFO    station.fusion     STATE VISUAL_ACQUISITION -> ACOUSTIC_TRACKING  (target left camera range)  priority=ACOUSTIC
2026-08-12 13:19:02,352 INFO    station.fusion     STATE ACOUSTIC_TRACKING -> VISUAL_TRACKING  (YOLO confirmed the target)  priority=CAMERA
2026-08-12 13:19:02,368 INFO    station.fusion     STATE VISUAL_TRACKING -> VISUAL_LOST_ACOUSTIC_TRACKING  (visual track lost, acoustic still holds the target)  priority=ACOUSTIC
2026-08-12 13:19:02,368 INFO    station.fusion     STATE VISUAL_LOST_ACOUSTIC_TRACKING -> VISUAL_ACQUISITION  (re-cueing camera from acoustic bearing)  priority=ACOUSTIC
2026-08-12 13:19:02,368 INFO    station.fusion     STATE VISUAL_ACQUISITION -> ACOUSTIC_TRACKING  (target left camera range)  priority=ACOUSTIC
2026-08-12 13:19:02,425 INFO    station.fusion     STATE ACOUSTIC_TRACKING -> VISUAL_TRACKING  (YOLO confirmed the target)  priority=CAMERA
2026-08-12 13:19:02,676 INFO    station.fusion     STATE VISUAL_TRACKING -> VISUAL_LOST_ACOUSTIC_TRACKING  (visual track lost, acoustic still holds the target)  priority=ACOUSTIC
2026-08-12 13:19:02,691 INFO    station.fusion     STATE VISUAL_LOST_ACOUSTIC_TRACKING -> VISUAL_ACQUISITION  (re-cueing camera from acoustic bearing)  priority=ACOUSTIC
2026-08-12 13:19:02,691 INFO    station.fusion     STATE VISUAL_ACQUISITION -> ACOUSTIC_TRACKING  (target left camera range)  priority=ACOUSTIC
2026-08-12 13:19:02,738 INFO    station.fusion     STATE ACOUSTIC_TRACKING -> VISUAL_TRACKING  (YOLO confirmed the target)  priority=CAMERA
2026-08-12 13:19:02,776 INFO    station.fusion     STATE VISUAL_TRACKING -> VISUAL_LOST_ACOUSTIC_TRACKING  (visual track lost, acoustic still holds the target)  priority=ACOUSTIC
2026-08-12 13:19:02,776 INFO    station.fusion     STATE VISUAL_LOST_ACOUSTIC_TRACKING -> VISUAL_ACQUISITION  (re-cueing camera from acoustic bearing)  priority=ACOUSTIC
2026-08-12 13:19:02,776 INFO    station.fusion     STATE VISUAL_ACQUISITION -> ACOUSTIC_TRACKING  (target left camera range)  priority=ACOUSTIC
2026-08-12 13:19:02,832 INFO    station.fusion     STATE ACOUSTIC_TRACKING -> VISUAL_TRACKING  (YOLO confirmed the target)  priority=CAMERA
2026-08-12 13:19:03,068 INFO    station.fusion     STATE VISUAL_TRACKING -> VISUAL_LOST_ACOUSTIC_TRACKING  (visual track lost, acoustic still holds the target)  priority=ACOUSTIC
2026-08-12 13:19:03,068 INFO    station.fusion     STATE VISUAL_LOST_ACOUSTIC_TRACKING -> VISUAL_ACQUISITION  (re-cueing camera from acoustic bearing)  priority=ACOUSTIC
2026-08-12 13:19:03,068 INFO    station.fusion     STATE VISUAL_ACQUISITION -> ACOUSTIC_TRACKING  (target left camera range)  priority=ACOUSTIC
2026-08-12 13:19:03,127 INFO    station.fusion     STATE ACOUSTIC_TRACKING -> VISUAL_TRACKING  (YOLO confirmed the target)  priority=CAMERA
2026-08-12 13:19:03,143 INFO    station.fusion     STATE VISUAL_TRACKING -> VISUAL_LOST_ACOUSTIC_TRACKING  (visual track lost, acoustic still holds the target)  priority=ACOUSTIC
2026-08-12 13:19:03,143 INFO    station.fusion     STATE VISUAL_LOST_ACOUSTIC_TRACKING -> VISUAL_ACQUISITION  (re-cueing camera from acoustic bearing)  priority=ACOUSTIC
2026-08-12 13:19:03,143 INFO    station.fusion     STATE VISUAL_ACQUISITION -> ACOUSTIC_TRACKING  (target left camera range)  priority=ACOUSTIC
2026-08-12 13:19:03,190 INFO    station.fusion     STATE ACOUSTIC_TRACKING -> VISUAL_TRACKING  (YOLO confirmed the target)  priority=CAMERA
2026-08-12 13:19:03,438 INFO    station.fusion     STATE VISUAL_TRACKING -> VISUAL_LOST_ACOUSTIC_TRACKING  (visual track lost, acoustic still holds the target)  priority=ACOUSTIC
2026-08-12 13:19:03,438 INFO    station.fusion     STATE VISUAL_LOST_ACOUSTIC_TRACKING -> VISUAL_ACQUISITION  (re-cueing camera from acoustic bearing)  priority=ACOUSTIC
2026-08-12 13:19:03,438 INFO    station.fusion     STATE VISUAL_ACQUISITION -> ACOUSTIC_TRACKING  (target left camera range)  priority=ACOUSTIC
2026-08-12 13:19:03,499 INFO    station.fusion     STATE ACOUSTIC_TRACKING -> VISUAL_TRACKING  (YOLO confirmed the target)  priority=CAMERA
2026-08-12 13:19:03,521 INFO    station.fusion     STATE VISUAL_TRACKING -> VISUAL_LOST_ACOUSTIC_TRACKING  (visual track lost, acoustic still holds the target)  priority=ACOUSTIC
2026-08-12 13:19:03,521 INFO    station.fusion     STATE VISUAL_LOST_ACOUSTIC_TRACKING -> VISUAL_ACQUISITION  (re-cueing camera from acoustic bearing)  priority=ACOUSTIC
2026-08-12 13:19:03,521 INFO    station.fusion     STATE VISUAL_ACQUISITION -> ACOUSTIC_TRACKING  (target left camera range)  priority=ACOUSTIC
2026-08-12 13:19:03,571 INFO    station.fusion     STATE ACOUSTIC_TRACKING -> VISUAL_TRACKING  (YOLO confirmed the target)  priority=CAMERA
2026-08-12 13:19:03,837 INFO    station.fusion     STATE VISUAL_TRACKING -> VISUAL_LOST_ACOUSTIC_TRACKING  (visual track lost, acoustic still holds the target)  priority=ACOUSTIC
2026-08-12 13:19:03,837 INFO    station.fusion     STATE VISUAL_LOST_ACOUSTIC_TRACKING -> VISUAL_ACQUISITION  (re-cueing camera from acoustic bearing)  priority=ACOUSTIC
2026-08-12 13:19:03,840 INFO    station.fusion     STATE VISUAL_ACQUISITION -> ACOUSTIC_TRACKING  (target left camera range)  priority=ACOUSTIC
2026-08-12 13:19:03,889 INFO    station.fusion     STATE ACOUSTIC_TRACKING -> VISUAL_TRACKING  (YOLO confirmed the target)  priority=CAMERA
2026-08-12 13:19:03,910 INFO    station.fusion     STATE VISUAL_TRACKING -> VISUAL_LOST_ACOUSTIC_TRACKING  (visual track lost, acoustic still holds the target)  priority=ACOUSTIC
2026-08-12 13:19:03,910 INFO    station.fusion     STATE VISUAL_LOST_ACOUSTIC_TRACKING -> VISUAL_ACQUISITION  (re-cueing camera from acoustic bearing)  priority=ACOUSTIC
2026-08-12 13:19:03,910 INFO    station.fusion     STATE VISUAL_ACQUISITION -> ACOUSTIC_TRACKING  (target left camera range)  priority=ACOUSTIC
2026-08-12 13:19:03,962 INFO    station.fusion     STATE ACOUSTIC_TRACKING -> VISUAL_TRACKING  (YOLO confirmed the target)  priority=CAMERA
2026-08-12 13:19:04,222 INFO    station.fusion     STATE VISUAL_TRACKING -> VISUAL_LOST_ACOUSTIC_TRACKING  (visual track lost, acoustic still holds the target)  priority=ACOUSTIC
2026-08-12 13:19:04,222 INFO    station.fusion     STATE VISUAL_LOST_ACOUSTIC_TRACKING -> VISUAL_ACQUISITION  (re-cueing camera from acoustic bearing)  priority=ACOUSTIC
2026-08-12 13:19:04,222 INFO    station.fusion     STATE VISUAL_ACQUISITION -> ACOUSTIC_TRACKING  (target left camera range)  priority=ACOUSTIC
2026-08-12 13:19:04,272 INFO    station.fusion     STATE ACOUSTIC_TRACKING -> VISUAL_TRACKING  (YOLO confirmed the target)  priority=CAMERA
2026-08-12 13:19:04,312 INFO    station.fusion     STATE VISUAL_TRACKING -> VISUAL_LOST_ACOUSTIC_TRACKING  (visual track lost, acoustic still holds the target)  priority=ACOUSTIC
2026-08-12 13:19:04,312 INFO    station.fusion     STATE VISUAL_LOST_ACOUSTIC_TRACKING -> VISUAL_ACQUISITION  (re-cueing camera from acoustic bearing)  priority=ACOUSTIC
2026-08-12 13:19:04,312 INFO    station.fusion     STATE VISUAL_ACQUISITION -> ACOUSTIC_TRACKING  (target left camera range)  priority=ACOUSTIC
2026-08-12 13:19:04,355 INFO    station.fusion     STATE ACOUSTIC_TRACKING -> VISUAL_TRACKING  (YOLO confirmed the target)  priority=CAMERA
2026-08-12 13:19:04,606 INFO    station.fusion     STATE VISUAL_TRACKING -> VISUAL_LOST_ACOUSTIC_TRACKING  (visual track lost, acoustic still holds the target)  priority=ACOUSTIC
2026-08-12 13:19:04,621 INFO    station.fusion     STATE VISUAL_LOST_ACOUSTIC_TRACKING -> VISUAL_ACQUISITION  (re-cueing camera from acoustic bearing)  priority=ACOUSTIC
2026-08-12 13:19:04,623 INFO    station.fusion     STATE VISUAL_ACQUISITION -> ACOUSTIC_TRACKING  (target left camera range)  priority=ACOUSTIC
2026-08-12 13:19:04,671 INFO    station.fusion     STATE ACOUSTIC_TRACKING -> VISUAL_TRACKING  (YOLO confirmed the target)  priority=CAMERA
2026-08-12 13:19:04,693 INFO    station.fusion     STATE VISUAL_TRACKING -> VISUAL_LOST_ACOUSTIC_TRACKING  (visual track lost, acoustic still holds the target)  priority=ACOUSTIC
2026-08-12 13:19:04,693 INFO    station.fusion     STATE VISUAL_LOST_ACOUSTIC_TRACKING -> VISUAL_ACQUISITION  (re-cueing camera from acoustic bearing)  priority=ACOUSTIC
2026-08-12 13:19:04,693 INFO    station.fusion     STATE VISUAL_ACQUISITION -> ACOUSTIC_TRACKING  (target left camera range)  priority=ACOUSTIC
2026-08-12 13:19:04,739 INFO    station.fusion     STATE ACOUSTIC_TRACKING -> VISUAL_TRACKING  (YOLO confirmed the target)  priority=CAMERA
2026-08-12 13:19:04,997 INFO    station.fusion     STATE VISUAL_TRACKING -> VISUAL_LOST_ACOUSTIC_TRACKING  (visual track lost, acoustic still holds the target)  priority=ACOUSTIC
2026-08-12 13:19:04,997 INFO    station.fusion     STATE VISUAL_LOST_ACOUSTIC_TRACKING -> VISUAL_ACQUISITION  (re-cueing camera from acoustic bearing)  priority=ACOUSTIC
2026-08-12 13:19:04,997 INFO    station.fusion     STATE VISUAL_ACQUISITION -> ACOUSTIC_TRACKING  (target left camera range)  priority=ACOUSTIC
2026-08-12 13:19:05,044 INFO    station.fusion     STATE ACOUSTIC_TRACKING -> VISUAL_TRACKING  (YOLO confirmed the target)  priority=CAMERA
2026-08-12 13:19:05,075 INFO    station.fusion     STATE VISUAL_TRACKING -> VISUAL_LOST_ACOUSTIC_TRACKING  (visual track lost, acoustic still holds the target)  priority=ACOUSTIC
2026-08-12 13:19:05,075 INFO    station.fusion     STATE VISUAL_LOST_ACOUSTIC_TRACKING -> VISUAL_ACQUISITION  (re-cueing camera from acoustic bearing)  priority=ACOUSTIC
2026-08-12 13:19:05,075 INFO    station.fusion     STATE VISUAL_ACQUISITION -> ACOUSTIC_TRACKING  (target left camera range)  priority=ACOUSTIC
2026-08-12 13:19:05,122 INFO    station.fusion     STATE ACOUSTIC_TRACKING -> VISUAL_TRACKING  (YOLO confirmed the target)  priority=CAMERA
2026-08-12 13:19:05,384 INFO    station.fusion     STATE VISUAL_TRACKING -> VISUAL_LOST_ACOUSTIC_TRACKING  (visual track lost, acoustic still holds the target)  priority=ACOUSTIC
2026-08-12 13:19:05,384 INFO    station.fusion     STATE VISUAL_LOST_ACOUSTIC_TRACKING -> VISUAL_ACQUISITION  (re-cueing camera from acoustic bearing)  priority=ACOUSTIC
2026-08-12 13:19:05,384 INFO    station.fusion     STATE VISUAL_ACQUISITION -> ACOUSTIC_TRACKING  (target left camera range)  priority=ACOUSTIC
2026-08-12 13:19:05,426 INFO    station.fusion     STATE ACOUSTIC_TRACKING -> VISUAL_TRACKING  (YOLO confirmed the target)  priority=CAMERA
2026-08-12 13:19:05,457 INFO    station.fusion     STATE VISUAL_TRACKING -> VISUAL_LOST_ACOUSTIC_TRACKING  (visual track lost, acoustic still holds the target)  priority=ACOUSTIC
2026-08-12 13:19:05,457 INFO    station.fusion     STATE VISUAL_LOST_ACOUSTIC_TRACKING -> VISUAL_ACQUISITION  (re-cueing camera from acoustic bearing)  priority=ACOUSTIC
2026-08-12 13:19:05,457 INFO    station.fusion     STATE VISUAL_ACQUISITION -> ACOUSTIC_TRACKING  (target left camera range)  priority=ACOUSTIC
2026-08-12 13:19:05,504 INFO    station.fusion     STATE ACOUSTIC_TRACKING -> VISUAL_TRACKING  (YOLO confirmed the target)  priority=CAMERA
2026-08-12 13:19:05,719 INFO    station.fusion     STATE SEARCHING -> ACOUSTIC_DETECTED  (acoustic contact)  priority=ACOUSTIC
2026-08-12 13:19:05,719 INFO    station.fusion     STATE ACOUSTIC_DETECTED -> ACOUSTIC_TRACKING  (acoustic alarm confirmed)  priority=ACOUSTIC
2026-08-12 13:19:05,719 INFO    station.fusion     STATE SEARCHING -> ACOUSTIC_DETECTED  (acoustic contact)  priority=ACOUSTIC
2026-08-12 13:19:05,719 INFO    station.fusion     STATE ACOUSTIC_DETECTED -> ACOUSTIC_TRACKING  (acoustic alarm confirmed)  priority=ACOUSTIC
2026-08-12 13:19:05,719 INFO    station.fusion     STATE ACOUSTIC_TRACKING -> VISUAL_ACQUISITION  (acoustic confirmed; range unknown, acquiring anyway)  priority=ACOUSTIC
2026-08-12 13:19:09,414 INFO    station.fusion     STATE SEARCHING -> ACOUSTIC_DETECTED  (acoustic contact)  priority=ACOUSTIC
2026-08-12 13:19:09,414 INFO    station.fusion     STATE SEARCHING -> ACOUSTIC_DETECTED  (acoustic contact)  priority=ACOUSTIC
2026-08-12 13:19:09,414 INFO    station.fusion     STATE ACOUSTIC_DETECTED -> ACOUSTIC_TRACKING  (acoustic alarm confirmed)  priority=ACOUSTIC
2026-08-12 13:19:09,414 INFO    station.fusion     STATE ACOUSTIC_TRACKING -> VISUAL_TRACKING  (YOLO confirmed the target)  priority=CAMERA
2026-08-12 13:19:09,414 INFO    station.fusion     STATE SEARCHING -> ACOUSTIC_DETECTED  (acoustic contact)  priority=ACOUSTIC
2026-08-12 13:19:09,414 INFO    station.fusion     STATE ACOUSTIC_DETECTED -> ACOUSTIC_TRACKING  (acoustic alarm confirmed)  priority=ACOUSTIC
2026-08-12 13:19:09,414 INFO    station.fusion     STATE SEARCHING -> ACOUSTIC_DETECTED  (acoustic contact)  priority=ACOUSTIC
2026-08-12 13:19:09,414 INFO    station.fusion     STATE ACOUSTIC_DETECTED -> ACOUSTIC_TRACKING  (acoustic alarm confirmed)  priority=ACOUSTIC
2026-08-12 13:20:12,797 INFO    station.fusion     STATE SEARCHING -> ACOUSTIC_DETECTED  (acoustic contact)  priority=ACOUSTIC
2026-08-12 13:20:12,797 INFO    station.fusion     STATE ACOUSTIC_DETECTED -> ACOUSTIC_TRACKING  (acoustic alarm confirmed)  priority=ACOUSTIC
2026-08-12 13:20:12,797 INFO    station.fusion     STATE ACOUSTIC_TRACKING -> VISUAL_TRACKING  (YOLO confirmed the target)  priority=CAMERA
2026-08-12 13:20:12,805 INFO    station.fusion     STATE SEARCHING -> ACOUSTIC_DETECTED  (acoustic contact)  priority=ACOUSTIC
2026-08-12 13:20:12,805 INFO    station.fusion     STATE ACOUSTIC_DETECTED -> ACOUSTIC_TRACKING  (acoustic alarm confirmed)  priority=ACOUSTIC
2026-08-12 13:20:12,805 INFO    station.fusion     STATE ACOUSTIC_TRACKING -> VISUAL_TRACKING  (YOLO confirmed the target)  priority=CAMERA
2026-08-12 13:20:12,805 INFO    station.fusion     STATE VISUAL_TRACKING -> VISUAL_LOST_ACOUSTIC_TRACKING  (visual track lost, acoustic still holds the target)  priority=ACOUSTIC
2026-08-12 13:20:12,805 INFO    station.fusion     STATE VISUAL_LOST_ACOUSTIC_TRACKING -> VISUAL_ACQUISITION  (re-cueing camera from acoustic bearing)  priority=ACOUSTIC
2026-08-12 13:20:12,805 INFO    station.fusion     STATE VISUAL_ACQUISITION -> ACOUSTIC_TRACKING  (camera offline, reverting to acoustic)  priority=ACOUSTIC
2026-08-12 13:20:12,805 INFO    station.fusion     STATE SEARCHING -> ACOUSTIC_DETECTED  (acoustic contact)  priority=ACOUSTIC
2026-08-12 13:20:12,813 INFO    station.fusion     STATE ACOUSTIC_DETECTED -> ACOUSTIC_TRACKING  (acoustic alarm confirmed)  priority=ACOUSTIC
2026-08-12 13:20:12,848 INFO    station.fusion     STATE ACOUSTIC_TRACKING -> VISUAL_TRACKING  (YOLO confirmed the target)  priority=CAMERA
2026-08-12 13:20:13,098 INFO    station.fusion     STATE VISUAL_TRACKING -> VISUAL_LOST_ACOUSTIC_TRACKING  (visual track lost, acoustic still holds the target)  priority=ACOUSTIC
2026-08-12 13:20:13,098 INFO    station.fusion     STATE VISUAL_LOST_ACOUSTIC_TRACKING -> VISUAL_ACQUISITION  (re-cueing camera from acoustic bearing)  priority=ACOUSTIC
2026-08-12 13:20:13,098 INFO    station.fusion     STATE VISUAL_ACQUISITION -> ACOUSTIC_TRACKING  (target left camera range)  priority=ACOUSTIC
2026-08-12 13:20:13,132 INFO    station.fusion     STATE ACOUSTIC_TRACKING -> VISUAL_TRACKING  (YOLO confirmed the target)  priority=CAMERA
2026-08-12 13:20:13,180 INFO    station.fusion     STATE VISUAL_TRACKING -> VISUAL_LOST_ACOUSTIC_TRACKING  (visual track lost, acoustic still holds the target)  priority=ACOUSTIC
2026-08-12 13:20:13,182 INFO    station.fusion     STATE VISUAL_LOST_ACOUSTIC_TRACKING -> VISUAL_ACQUISITION  (re-cueing camera from acoustic bearing)  priority=ACOUSTIC
2026-08-12 13:20:13,182 INFO    station.fusion     STATE VISUAL_ACQUISITION -> ACOUSTIC_TRACKING  (target left camera range)  priority=ACOUSTIC
2026-08-12 13:20:13,215 INFO    station.fusion     STATE ACOUSTIC_TRACKING -> VISUAL_TRACKING  (YOLO confirmed the target)  priority=CAMERA
2026-08-12 13:20:13,451 INFO    station.fusion     STATE VISUAL_TRACKING -> VISUAL_LOST_ACOUSTIC_TRACKING  (visual track lost, acoustic still holds the target)  priority=ACOUSTIC
2026-08-12 13:20:13,451 INFO    station.fusion     STATE VISUAL_LOST_ACOUSTIC_TRACKING -> VISUAL_ACQUISITION  (re-cueing camera from acoustic bearing)  priority=ACOUSTIC
2026-08-12 13:20:13,451 INFO    station.fusion     STATE VISUAL_ACQUISITION -> ACOUSTIC_TRACKING  (target left camera range)  priority=ACOUSTIC
2026-08-12 13:20:13,505 INFO    station.fusion     STATE ACOUSTIC_TRACKING -> VISUAL_TRACKING  (YOLO confirmed the target)  priority=CAMERA
2026-08-12 13:20:13,529 INFO    station.fusion     STATE VISUAL_TRACKING -> VISUAL_LOST_ACOUSTIC_TRACKING  (visual track lost, acoustic still holds the target)  priority=ACOUSTIC
2026-08-12 13:20:13,529 INFO    station.fusion     STATE VISUAL_LOST_ACOUSTIC_TRACKING -> VISUAL_ACQUISITION  (re-cueing camera from acoustic bearing)  priority=ACOUSTIC
2026-08-12 13:20:13,529 INFO    station.fusion     STATE VISUAL_ACQUISITION -> ACOUSTIC_TRACKING  (target left camera range)  priority=ACOUSTIC
2026-08-12 13:20:13,561 INFO    station.fusion     STATE ACOUSTIC_TRACKING -> VISUAL_TRACKING  (YOLO confirmed the target)  priority=CAMERA
2026-08-12 13:20:13,796 INFO    station.fusion     STATE VISUAL_TRACKING -> VISUAL_LOST_ACOUSTIC_TRACKING  (visual track lost, acoustic still holds the target)  priority=ACOUSTIC
2026-08-12 13:20:13,796 INFO    station.fusion     STATE VISUAL_LOST_ACOUSTIC_TRACKING -> VISUAL_ACQUISITION  (re-cueing camera from acoustic bearing)  priority=ACOUSTIC
2026-08-12 13:20:13,804 INFO    station.fusion     STATE VISUAL_ACQUISITION -> ACOUSTIC_TRACKING  (target left camera range)  priority=ACOUSTIC
2026-08-12 13:20:13,846 INFO    station.fusion     STATE ACOUSTIC_TRACKING -> VISUAL_TRACKING  (YOLO confirmed the target)  priority=CAMERA
2026-08-12 13:20:13,881 INFO    station.fusion     STATE VISUAL_TRACKING -> VISUAL_LOST_ACOUSTIC_TRACKING  (visual track lost, acoustic still holds the target)  priority=ACOUSTIC
2026-08-12 13:20:13,881 INFO    station.fusion     STATE VISUAL_LOST_ACOUSTIC_TRACKING -> VISUAL_ACQUISITION  (re-cueing camera from acoustic bearing)  priority=ACOUSTIC
2026-08-12 13:20:13,881 INFO    station.fusion     STATE VISUAL_ACQUISITION -> ACOUSTIC_TRACKING  (target left camera range)  priority=ACOUSTIC
2026-08-12 13:20:13,912 INFO    station.fusion     STATE ACOUSTIC_TRACKING -> VISUAL_TRACKING  (YOLO confirmed the target)  priority=CAMERA
2026-08-12 13:20:14,151 INFO    station.fusion     STATE VISUAL_TRACKING -> VISUAL_LOST_ACOUSTIC_TRACKING  (visual track lost, acoustic still holds the target)  priority=ACOUSTIC
2026-08-12 13:20:14,151 INFO    station.fusion     STATE VISUAL_LOST_ACOUSTIC_TRACKING -> VISUAL_ACQUISITION  (re-cueing camera from acoustic bearing)  priority=ACOUSTIC
2026-08-12 13:20:14,151 INFO    station.fusion     STATE VISUAL_ACQUISITION -> ACOUSTIC_TRACKING  (target left camera range)  priority=ACOUSTIC
2026-08-12 13:20:14,201 INFO    station.fusion     STATE ACOUSTIC_TRACKING -> VISUAL_TRACKING  (YOLO confirmed the target)  priority=CAMERA
2026-08-12 13:20:14,221 INFO    station.fusion     STATE VISUAL_TRACKING -> VISUAL_LOST_ACOUSTIC_TRACKING  (visual track lost, acoustic still holds the target)  priority=ACOUSTIC
2026-08-12 13:20:14,221 INFO    station.fusion     STATE VISUAL_LOST_ACOUSTIC_TRACKING -> VISUAL_ACQUISITION  (re-cueing camera from acoustic bearing)  priority=ACOUSTIC
2026-08-12 13:20:14,221 INFO    station.fusion     STATE VISUAL_ACQUISITION -> ACOUSTIC_TRACKING  (target left camera range)  priority=ACOUSTIC
2026-08-12 13:20:14,265 INFO    station.fusion     STATE ACOUSTIC_TRACKING -> VISUAL_TRACKING  (YOLO confirmed the target)  priority=CAMERA
2026-08-12 13:20:14,514 INFO    station.fusion     STATE VISUAL_TRACKING -> VISUAL_LOST_ACOUSTIC_TRACKING  (visual track lost, acoustic still holds the target)  priority=ACOUSTIC
2026-08-12 13:20:14,516 INFO    station.fusion     STATE VISUAL_LOST_ACOUSTIC_TRACKING -> VISUAL_ACQUISITION  (re-cueing camera from acoustic bearing)  priority=ACOUSTIC
2026-08-12 13:20:14,516 INFO    station.fusion     STATE VISUAL_ACQUISITION -> ACOUSTIC_TRACKING  (target left camera range)  priority=ACOUSTIC
2026-08-12 13:20:14,554 INFO    station.fusion     STATE ACOUSTIC_TRACKING -> VISUAL_TRACKING  (YOLO confirmed the target)  priority=CAMERA
2026-08-12 13:20:14,596 INFO    station.fusion     STATE VISUAL_TRACKING -> VISUAL_LOST_ACOUSTIC_TRACKING  (visual track lost, acoustic still holds the target)  priority=ACOUSTIC
2026-08-12 13:20:14,597 INFO    station.fusion     STATE VISUAL_LOST_ACOUSTIC_TRACKING -> VISUAL_ACQUISITION  (re-cueing camera from acoustic bearing)  priority=ACOUSTIC
2026-08-12 13:20:14,597 INFO    station.fusion     STATE VISUAL_ACQUISITION -> ACOUSTIC_TRACKING  (target left camera range)  priority=ACOUSTIC
2026-08-12 13:20:14,632 INFO    station.fusion     STATE ACOUSTIC_TRACKING -> VISUAL_TRACKING  (YOLO confirmed the target)  priority=CAMERA
2026-08-12 13:20:14,865 INFO    station.fusion     STATE VISUAL_TRACKING -> VISUAL_LOST_ACOUSTIC_TRACKING  (visual track lost, acoustic still holds the target)  priority=ACOUSTIC
2026-08-12 13:20:14,865 INFO    station.fusion     STATE VISUAL_LOST_ACOUSTIC_TRACKING -> VISUAL_ACQUISITION  (re-cueing camera from acoustic bearing)  priority=ACOUSTIC
2026-08-12 13:20:14,865 INFO    station.fusion     STATE VISUAL_ACQUISITION -> ACOUSTIC_TRACKING  (target left camera range)  priority=ACOUSTIC
2026-08-12 13:20:14,915 INFO    station.fusion     STATE ACOUSTIC_TRACKING -> VISUAL_TRACKING  (YOLO confirmed the target)  priority=CAMERA
2026-08-12 13:20:14,932 INFO    station.fusion     STATE VISUAL_TRACKING -> VISUAL_LOST_ACOUSTIC_TRACKING  (visual track lost, acoustic still holds the target)  priority=ACOUSTIC
2026-08-12 13:20:14,932 INFO    station.fusion     STATE VISUAL_LOST_ACOUSTIC_TRACKING -> VISUAL_ACQUISITION  (re-cueing camera from acoustic bearing)  priority=ACOUSTIC
2026-08-12 13:20:14,932 INFO    station.fusion     STATE VISUAL_ACQUISITION -> ACOUSTIC_TRACKING  (target left camera range)  priority=ACOUSTIC
2026-08-12 13:20:14,987 INFO    station.fusion     STATE ACOUSTIC_TRACKING -> VISUAL_TRACKING  (YOLO confirmed the target)  priority=CAMERA
2026-08-12 13:20:15,215 INFO    station.fusion     STATE VISUAL_TRACKING -> VISUAL_LOST_ACOUSTIC_TRACKING  (visual track lost, acoustic still holds the target)  priority=ACOUSTIC
2026-08-12 13:20:15,215 INFO    station.fusion     STATE VISUAL_LOST_ACOUSTIC_TRACKING -> VISUAL_ACQUISITION  (re-cueing camera from acoustic bearing)  priority=ACOUSTIC
2026-08-12 13:20:15,215 INFO    station.fusion     STATE VISUAL_ACQUISITION -> ACOUSTIC_TRACKING  (target left camera range)  priority=ACOUSTIC
2026-08-12 13:20:15,265 INFO    station.fusion     STATE ACOUSTIC_TRACKING -> VISUAL_TRACKING  (YOLO confirmed the target)  priority=CAMERA
2026-08-12 13:20:15,305 INFO    station.fusion     STATE VISUAL_TRACKING -> VISUAL_LOST_ACOUSTIC_TRACKING  (visual track lost, acoustic still holds the target)  priority=ACOUSTIC
2026-08-12 13:20:15,305 INFO    station.fusion     STATE VISUAL_LOST_ACOUSTIC_TRACKING -> VISUAL_ACQUISITION  (re-cueing camera from acoustic bearing)  priority=ACOUSTIC
2026-08-12 13:20:15,314 INFO    station.fusion     STATE VISUAL_ACQUISITION -> ACOUSTIC_TRACKING  (target left camera range)  priority=ACOUSTIC
2026-08-12 13:20:15,348 INFO    station.fusion     STATE ACOUSTIC_TRACKING -> VISUAL_TRACKING  (YOLO confirmed the target)  priority=CAMERA
2026-08-12 13:20:15,632 INFO    station.fusion     STATE VISUAL_TRACKING -> VISUAL_LOST_ACOUSTIC_TRACKING  (visual track lost, acoustic still holds the target)  priority=ACOUSTIC
2026-08-12 13:20:15,632 INFO    station.fusion     STATE VISUAL_LOST_ACOUSTIC_TRACKING -> VISUAL_ACQUISITION  (re-cueing camera from acoustic bearing)  priority=ACOUSTIC
2026-08-12 13:20:15,632 INFO    station.fusion     STATE VISUAL_ACQUISITION -> ACOUSTIC_TRACKING  (target left camera range)  priority=ACOUSTIC
2026-08-12 13:20:15,671 INFO    station.fusion     STATE ACOUSTIC_TRACKING -> VISUAL_TRACKING  (YOLO confirmed the target)  priority=CAMERA
2026-08-12 13:20:15,702 INFO    station.fusion     STATE VISUAL_TRACKING -> VISUAL_LOST_ACOUSTIC_TRACKING  (visual track lost, acoustic still holds the target)  priority=ACOUSTIC
2026-08-12 13:20:15,702 INFO    station.fusion     STATE VISUAL_LOST_ACOUSTIC_TRACKING -> VISUAL_ACQUISITION  (re-cueing camera from acoustic bearing)  priority=ACOUSTIC
2026-08-12 13:20:15,702 INFO    station.fusion     STATE VISUAL_ACQUISITION -> ACOUSTIC_TRACKING  (target left camera range)  priority=ACOUSTIC
2026-08-12 13:20:15,749 INFO    station.fusion     STATE ACOUSTIC_TRACKING -> VISUAL_TRACKING  (YOLO confirmed the target)  priority=CAMERA
2026-08-12 13:20:15,966 INFO    station.fusion     STATE VISUAL_TRACKING -> VISUAL_LOST_ACOUSTIC_TRACKING  (visual track lost, acoustic still holds the target)  priority=ACOUSTIC
2026-08-12 13:20:15,980 INFO    station.fusion     STATE VISUAL_LOST_ACOUSTIC_TRACKING -> VISUAL_ACQUISITION  (re-cueing camera from acoustic bearing)  priority=ACOUSTIC
2026-08-12 13:20:15,980 INFO    station.fusion     STATE VISUAL_ACQUISITION -> ACOUSTIC_TRACKING  (target left camera range)  priority=ACOUSTIC
2026-08-12 13:20:16,023 INFO    station.fusion     STATE ACOUSTIC_TRACKING -> VISUAL_TRACKING  (YOLO confirmed the target)  priority=CAMERA
2026-08-12 13:20:16,053 INFO    station.fusion     STATE VISUAL_TRACKING -> VISUAL_LOST_ACOUSTIC_TRACKING  (visual track lost, acoustic still holds the target)  priority=ACOUSTIC
2026-08-12 13:20:16,053 INFO    station.fusion     STATE VISUAL_LOST_ACOUSTIC_TRACKING -> VISUAL_ACQUISITION  (re-cueing camera from acoustic bearing)  priority=ACOUSTIC
2026-08-12 13:20:16,053 INFO    station.fusion     STATE VISUAL_ACQUISITION -> ACOUSTIC_TRACKING  (target left camera range)  priority=ACOUSTIC
2026-08-12 13:20:16,100 INFO    station.fusion     STATE ACOUSTIC_TRACKING -> VISUAL_TRACKING  (YOLO confirmed the target)  priority=CAMERA
2026-08-12 13:20:16,331 INFO    station.fusion     STATE VISUAL_TRACKING -> VISUAL_LOST_ACOUSTIC_TRACKING  (visual track lost, acoustic still holds the target)  priority=ACOUSTIC
2026-08-12 13:20:16,331 INFO    station.fusion     STATE VISUAL_LOST_ACOUSTIC_TRACKING -> VISUAL_ACQUISITION  (re-cueing camera from acoustic bearing)  priority=ACOUSTIC
2026-08-12 13:20:16,331 INFO    station.fusion     STATE VISUAL_ACQUISITION -> ACOUSTIC_TRACKING  (target left camera range)  priority=ACOUSTIC
2026-08-12 13:20:16,388 INFO    station.fusion     STATE ACOUSTIC_TRACKING -> VISUAL_TRACKING  (YOLO confirmed the target)  priority=CAMERA
2026-08-12 13:20:16,412 INFO    station.fusion     STATE VISUAL_TRACKING -> VISUAL_LOST_ACOUSTIC_TRACKING  (visual track lost, acoustic still holds the target)  priority=ACOUSTIC
2026-08-12 13:20:16,412 INFO    station.fusion     STATE VISUAL_LOST_ACOUSTIC_TRACKING -> VISUAL_ACQUISITION  (re-cueing camera from acoustic bearing)  priority=ACOUSTIC
2026-08-12 13:20:16,412 INFO    station.fusion     STATE VISUAL_ACQUISITION -> ACOUSTIC_TRACKING  (target left camera range)  priority=ACOUSTIC
2026-08-12 13:20:16,443 INFO    station.fusion     STATE ACOUSTIC_TRACKING -> VISUAL_TRACKING  (YOLO confirmed the target)  priority=CAMERA
2026-08-12 13:20:16,683 INFO    station.fusion     STATE VISUAL_TRACKING -> VISUAL_LOST_ACOUSTIC_TRACKING  (visual track lost, acoustic still holds the target)  priority=ACOUSTIC
2026-08-12 13:20:16,683 INFO    station.fusion     STATE VISUAL_LOST_ACOUSTIC_TRACKING -> VISUAL_ACQUISITION  (re-cueing camera from acoustic bearing)  priority=ACOUSTIC
2026-08-12 13:20:16,683 INFO    station.fusion     STATE VISUAL_ACQUISITION -> ACOUSTIC_TRACKING  (target left camera range)  priority=ACOUSTIC
2026-08-12 13:20:16,730 INFO    station.fusion     STATE ACOUSTIC_TRACKING -> VISUAL_TRACKING  (YOLO confirmed the target)  priority=CAMERA
2026-08-12 13:20:16,754 INFO    station.fusion     STATE VISUAL_TRACKING -> VISUAL_LOST_ACOUSTIC_TRACKING  (visual track lost, acoustic still holds the target)  priority=ACOUSTIC
2026-08-12 13:20:16,770 INFO    station.fusion     STATE VISUAL_LOST_ACOUSTIC_TRACKING -> VISUAL_ACQUISITION  (re-cueing camera from acoustic bearing)  priority=ACOUSTIC
2026-08-12 13:20:16,770 INFO    station.fusion     STATE VISUAL_ACQUISITION -> ACOUSTIC_TRACKING  (target left camera range)  priority=ACOUSTIC
2026-08-12 13:20:16,813 INFO    station.fusion     STATE ACOUSTIC_TRACKING -> VISUAL_TRACKING  (YOLO confirmed the target)  priority=CAMERA
2026-08-12 13:20:17,048 INFO    station.fusion     STATE VISUAL_TRACKING -> VISUAL_LOST_ACOUSTIC_TRACKING  (visual track lost, acoustic still holds the target)  priority=ACOUSTIC
2026-08-12 13:20:17,048 INFO    station.fusion     STATE VISUAL_LOST_ACOUSTIC_TRACKING -> VISUAL_ACQUISITION  (re-cueing camera from acoustic bearing)  priority=ACOUSTIC
2026-08-12 13:20:17,048 INFO    station.fusion     STATE VISUAL_ACQUISITION -> ACOUSTIC_TRACKING  (target left camera range)  priority=ACOUSTIC
2026-08-12 13:20:17,096 INFO    station.fusion     STATE ACOUSTIC_TRACKING -> VISUAL_TRACKING  (YOLO confirmed the target)  priority=CAMERA
2026-08-12 13:20:17,121 INFO    station.fusion     STATE VISUAL_TRACKING -> VISUAL_LOST_ACOUSTIC_TRACKING  (visual track lost, acoustic still holds the target)  priority=ACOUSTIC
2026-08-12 13:20:17,121 INFO    station.fusion     STATE VISUAL_LOST_ACOUSTIC_TRACKING -> VISUAL_ACQUISITION  (re-cueing camera from acoustic bearing)  priority=ACOUSTIC
2026-08-12 13:20:17,121 INFO    station.fusion     STATE VISUAL_ACQUISITION -> ACOUSTIC_TRACKING  (target left camera range)  priority=ACOUSTIC
2026-08-12 13:20:17,168 INFO    station.fusion     STATE ACOUSTIC_TRACKING -> VISUAL_TRACKING  (YOLO confirmed the target)  priority=CAMERA
2026-08-12 13:20:17,404 INFO    station.fusion     STATE VISUAL_TRACKING -> VISUAL_LOST_ACOUSTIC_TRACKING  (visual track lost, acoustic still holds the target)  priority=ACOUSTIC
2026-08-12 13:20:17,404 INFO    station.fusion     STATE VISUAL_LOST_ACOUSTIC_TRACKING -> VISUAL_ACQUISITION  (re-cueing camera from acoustic bearing)  priority=ACOUSTIC
2026-08-12 13:20:17,404 INFO    station.fusion     STATE VISUAL_ACQUISITION -> ACOUSTIC_TRACKING  (target left camera range)  priority=ACOUSTIC
2026-08-12 13:20:17,446 INFO    station.fusion     STATE ACOUSTIC_TRACKING -> VISUAL_TRACKING  (YOLO confirmed the target)  priority=CAMERA
2026-08-12 13:20:17,488 INFO    station.fusion     STATE VISUAL_TRACKING -> VISUAL_LOST_ACOUSTIC_TRACKING  (visual track lost, acoustic still holds the target)  priority=ACOUSTIC
2026-08-12 13:20:17,488 INFO    station.fusion     STATE VISUAL_LOST_ACOUSTIC_TRACKING -> VISUAL_ACQUISITION  (re-cueing camera from acoustic bearing)  priority=ACOUSTIC
2026-08-12 13:20:17,488 INFO    station.fusion     STATE VISUAL_ACQUISITION -> ACOUSTIC_TRACKING  (target left camera range)  priority=ACOUSTIC
2026-08-12 13:20:17,531 INFO    station.fusion     STATE ACOUSTIC_TRACKING -> VISUAL_TRACKING  (YOLO confirmed the target)  priority=CAMERA
2026-08-12 13:20:17,765 INFO    station.fusion     STATE VISUAL_TRACKING -> VISUAL_LOST_ACOUSTIC_TRACKING  (visual track lost, acoustic still holds the target)  priority=ACOUSTIC
2026-08-12 13:20:17,765 INFO    station.fusion     STATE VISUAL_LOST_ACOUSTIC_TRACKING -> VISUAL_ACQUISITION  (re-cueing camera from acoustic bearing)  priority=ACOUSTIC
2026-08-12 13:20:17,765 INFO    station.fusion     STATE VISUAL_ACQUISITION -> ACOUSTIC_TRACKING  (target left camera range)  priority=ACOUSTIC
2026-08-12 13:20:17,824 INFO    station.fusion     STATE ACOUSTIC_TRACKING -> VISUAL_TRACKING  (YOLO confirmed the target)  priority=CAMERA
2026-08-12 13:20:17,846 INFO    station.fusion     STATE VISUAL_TRACKING -> VISUAL_LOST_ACOUSTIC_TRACKING  (visual track lost, acoustic still holds the target)  priority=ACOUSTIC
2026-08-12 13:20:17,850 INFO    station.fusion     STATE VISUAL_LOST_ACOUSTIC_TRACKING -> VISUAL_ACQUISITION  (re-cueing camera from acoustic bearing)  priority=ACOUSTIC
2026-08-12 13:20:17,851 INFO    station.fusion     STATE VISUAL_ACQUISITION -> ACOUSTIC_TRACKING  (target left camera range)  priority=ACOUSTIC
2026-08-12 13:20:17,881 INFO    station.fusion     STATE ACOUSTIC_TRACKING -> VISUAL_TRACKING  (YOLO confirmed the target)  priority=CAMERA
2026-08-12 13:20:18,115 INFO    station.fusion     STATE VISUAL_TRACKING -> VISUAL_LOST_ACOUSTIC_TRACKING  (visual track lost, acoustic still holds the target)  priority=ACOUSTIC
2026-08-12 13:20:18,130 INFO    station.fusion     STATE VISUAL_LOST_ACOUSTIC_TRACKING -> VISUAL_ACQUISITION  (re-cueing camera from acoustic bearing)  priority=ACOUSTIC
2026-08-12 13:20:18,131 INFO    station.fusion     STATE VISUAL_ACQUISITION -> ACOUSTIC_TRACKING  (target left camera range)  priority=ACOUSTIC
2026-08-12 13:20:18,164 INFO    station.fusion     STATE ACOUSTIC_TRACKING -> VISUAL_TRACKING  (YOLO confirmed the target)  priority=CAMERA
2026-08-12 13:20:18,198 INFO    station.fusion     STATE VISUAL_TRACKING -> VISUAL_LOST_ACOUSTIC_TRACKING  (visual track lost, acoustic still holds the target)  priority=ACOUSTIC
2026-08-12 13:20:18,198 INFO    station.fusion     STATE VISUAL_LOST_ACOUSTIC_TRACKING -> VISUAL_ACQUISITION  (re-cueing camera from acoustic bearing)  priority=ACOUSTIC
2026-08-12 13:20:18,198 INFO    station.fusion     STATE VISUAL_ACQUISITION -> ACOUSTIC_TRACKING  (target left camera range)  priority=ACOUSTIC
2026-08-12 13:20:18,249 INFO    station.fusion     STATE ACOUSTIC_TRACKING -> VISUAL_TRACKING  (YOLO confirmed the target)  priority=CAMERA
2026-08-12 13:20:18,496 INFO    station.fusion     STATE VISUAL_TRACKING -> VISUAL_LOST_ACOUSTIC_TRACKING  (visual track lost, acoustic still holds the target)  priority=ACOUSTIC
2026-08-12 13:20:18,496 INFO    station.fusion     STATE VISUAL_LOST_ACOUSTIC_TRACKING -> VISUAL_ACQUISITION  (re-cueing camera from acoustic bearing)  priority=ACOUSTIC
2026-08-12 13:20:18,496 INFO    station.fusion     STATE VISUAL_ACQUISITION -> ACOUSTIC_TRACKING  (target left camera range)  priority=ACOUSTIC
2026-08-12 13:20:18,537 INFO    station.fusion     STATE ACOUSTIC_TRACKING -> VISUAL_TRACKING  (YOLO confirmed the target)  priority=CAMERA
2026-08-12 13:20:18,553 INFO    station.fusion     STATE VISUAL_TRACKING -> VISUAL_LOST_ACOUSTIC_TRACKING  (visual track lost, acoustic still holds the target)  priority=ACOUSTIC
2026-08-12 13:20:18,553 INFO    station.fusion     STATE VISUAL_LOST_ACOUSTIC_TRACKING -> VISUAL_ACQUISITION  (re-cueing camera from acoustic bearing)  priority=ACOUSTIC
2026-08-12 13:20:18,569 INFO    station.fusion     STATE VISUAL_ACQUISITION -> ACOUSTIC_TRACKING  (target left camera range)  priority=ACOUSTIC
2026-08-12 13:20:18,600 INFO    station.fusion     STATE ACOUSTIC_TRACKING -> VISUAL_TRACKING  (YOLO confirmed the target)  priority=CAMERA
2026-08-12 13:20:18,822 INFO    station.fusion     STATE SEARCHING -> ACOUSTIC_DETECTED  (acoustic contact)  priority=ACOUSTIC
2026-08-12 13:20:18,822 INFO    station.fusion     STATE ACOUSTIC_DETECTED -> ACOUSTIC_TRACKING  (acoustic alarm confirmed)  priority=ACOUSTIC
2026-08-12 13:20:18,822 INFO    station.fusion     STATE SEARCHING -> ACOUSTIC_DETECTED  (acoustic contact)  priority=ACOUSTIC
2026-08-12 13:20:18,822 INFO    station.fusion     STATE ACOUSTIC_DETECTED -> ACOUSTIC_TRACKING  (acoustic alarm confirmed)  priority=ACOUSTIC
2026-08-12 13:20:18,822 INFO    station.fusion     STATE ACOUSTIC_TRACKING -> VISUAL_ACQUISITION  (acoustic confirmed; range unknown, acquiring anyway)  priority=ACOUSTIC
2026-08-12 13:20:22,330 INFO    station.fusion     STATE SEARCHING -> ACOUSTIC_DETECTED  (acoustic contact)  priority=ACOUSTIC
2026-08-12 13:20:22,331 INFO    station.fusion     STATE SEARCHING -> ACOUSTIC_DETECTED  (acoustic contact)  priority=ACOUSTIC
2026-08-12 13:20:22,331 INFO    station.fusion     STATE ACOUSTIC_DETECTED -> ACOUSTIC_TRACKING  (acoustic alarm confirmed)  priority=ACOUSTIC
2026-08-12 13:20:22,331 INFO    station.fusion     STATE ACOUSTIC_TRACKING -> VISUAL_TRACKING  (YOLO confirmed the target)  priority=CAMERA
2026-08-12 13:20:22,331 INFO    station.fusion     STATE SEARCHING -> ACOUSTIC_DETECTED  (acoustic contact)  priority=ACOUSTIC
2026-08-12 13:20:22,331 INFO    station.fusion     STATE ACOUSTIC_DETECTED -> ACOUSTIC_TRACKING  (acoustic alarm confirmed)  priority=ACOUSTIC
2026-08-12 13:20:22,331 INFO    station.fusion     STATE SEARCHING -> ACOUSTIC_DETECTED  (acoustic contact)  priority=ACOUSTIC
2026-08-12 13:20:22,331 INFO    station.fusion     STATE ACOUSTIC_DETECTED -> ACOUSTIC_TRACKING  (acoustic alarm confirmed)  priority=ACOUSTIC
2026-08-12 13:20:23,953 INFO    station.fusion     STATE SEARCHING -> ACOUSTIC_DETECTED  (acoustic contact)  priority=ACOUSTIC
2026-08-12 13:20:23,953 INFO    station.fusion     STATE ACOUSTIC_DETECTED -> ACOUSTIC_TRACKING  (acoustic alarm confirmed)  priority=ACOUSTIC
2026-08-12 13:20:23,953 INFO    station.fusion     STATE ACOUSTIC_TRACKING -> VISUAL_TRACKING  (YOLO confirmed the target)  priority=CAMERA
2026-08-12 13:20:23,953 INFO    station.fusion     STATE SEARCHING -> ACOUSTIC_DETECTED  (acoustic contact)  priority=ACOUSTIC
2026-08-12 13:20:23,953 INFO    station.fusion     STATE ACOUSTIC_DETECTED -> ACOUSTIC_TRACKING  (acoustic alarm confirmed)  priority=ACOUSTIC
2026-08-12 13:20:23,953 INFO    station.fusion     STATE ACOUSTIC_TRACKING -> VISUAL_TRACKING  (YOLO confirmed the target)  priority=CAMERA
2026-08-12 13:20:23,953 INFO    station.fusion     STATE VISUAL_TRACKING -> VISUAL_LOST_ACOUSTIC_TRACKING  (visual track lost, acoustic still holds the target)  priority=ACOUSTIC
2026-08-12 13:20:23,953 INFO    station.fusion     STATE VISUAL_LOST_ACOUSTIC_TRACKING -> VISUAL_ACQUISITION  (re-cueing camera from acoustic bearing)  priority=ACOUSTIC
2026-08-12 13:20:23,953 INFO    station.fusion     STATE VISUAL_ACQUISITION -> ACOUSTIC_TRACKING  (camera offline, reverting to acoustic)  priority=ACOUSTIC
2026-08-12 13:20:23,969 INFO    station.fusion     STATE SEARCHING -> ACOUSTIC_DETECTED  (acoustic contact)  priority=ACOUSTIC
2026-08-12 13:20:23,969 INFO    station.fusion     STATE ACOUSTIC_DETECTED -> ACOUSTIC_TRACKING  (acoustic alarm confirmed)  priority=ACOUSTIC
2026-08-12 13:20:24,013 INFO    station.fusion     STATE ACOUSTIC_TRACKING -> VISUAL_TRACKING  (YOLO confirmed the target)  priority=CAMERA
2026-08-12 13:20:24,234 INFO    station.fusion     STATE VISUAL_TRACKING -> VISUAL_LOST_ACOUSTIC_TRACKING  (visual track lost, acoustic still holds the target)  priority=ACOUSTIC
2026-08-12 13:20:24,234 INFO    station.fusion     STATE VISUAL_LOST_ACOUSTIC_TRACKING -> VISUAL_ACQUISITION  (re-cueing camera from acoustic bearing)  priority=ACOUSTIC
2026-08-12 13:20:24,234 INFO    station.fusion     STATE VISUAL_ACQUISITION -> ACOUSTIC_TRACKING  (target left camera range)  priority=ACOUSTIC
2026-08-12 13:20:24,286 INFO    station.fusion     STATE ACOUSTIC_TRACKING -> VISUAL_TRACKING  (YOLO confirmed the target)  priority=CAMERA
2026-08-12 13:20:24,329 INFO    station.fusion     STATE VISUAL_TRACKING -> VISUAL_LOST_ACOUSTIC_TRACKING  (visual track lost, acoustic still holds the target)  priority=ACOUSTIC
2026-08-12 13:20:24,330 INFO    station.fusion     STATE VISUAL_LOST_ACOUSTIC_TRACKING -> VISUAL_ACQUISITION  (re-cueing camera from acoustic bearing)  priority=ACOUSTIC
2026-08-12 13:20:24,330 INFO    station.fusion     STATE VISUAL_ACQUISITION -> ACOUSTIC_TRACKING  (target left camera range)  priority=ACOUSTIC
2026-08-12 13:20:24,362 INFO    station.fusion     STATE ACOUSTIC_TRACKING -> VISUAL_TRACKING  (YOLO confirmed the target)  priority=CAMERA
2026-08-12 13:20:24,592 INFO    station.fusion     STATE VISUAL_TRACKING -> VISUAL_LOST_ACOUSTIC_TRACKING  (visual track lost, acoustic still holds the target)  priority=ACOUSTIC
2026-08-12 13:20:24,592 INFO    station.fusion     STATE VISUAL_LOST_ACOUSTIC_TRACKING -> VISUAL_ACQUISITION  (re-cueing camera from acoustic bearing)  priority=ACOUSTIC
2026-08-12 13:20:24,592 INFO    station.fusion     STATE VISUAL_ACQUISITION -> ACOUSTIC_TRACKING  (target left camera range)  priority=ACOUSTIC
2026-08-12 13:20:24,650 INFO    station.fusion     STATE ACOUSTIC_TRACKING -> VISUAL_TRACKING  (YOLO confirmed the target)  priority=CAMERA
2026-08-12 13:20:24,669 INFO    station.fusion     STATE VISUAL_TRACKING -> VISUAL_LOST_ACOUSTIC_TRACKING  (visual track lost, acoustic still holds the target)  priority=ACOUSTIC
2026-08-12 13:20:24,669 INFO    station.fusion     STATE VISUAL_LOST_ACOUSTIC_TRACKING -> VISUAL_ACQUISITION  (re-cueing camera from acoustic bearing)  priority=ACOUSTIC
2026-08-12 13:20:24,669 INFO    station.fusion     STATE VISUAL_ACQUISITION -> ACOUSTIC_TRACKING  (target left camera range)  priority=ACOUSTIC
2026-08-12 13:20:24,716 INFO    station.fusion     STATE ACOUSTIC_TRACKING -> VISUAL_TRACKING  (YOLO confirmed the target)  priority=CAMERA
2026-08-12 13:20:24,949 INFO    station.fusion     STATE VISUAL_TRACKING -> VISUAL_LOST_ACOUSTIC_TRACKING  (visual track lost, acoustic still holds the target)  priority=ACOUSTIC
2026-08-12 13:20:24,949 INFO    station.fusion     STATE VISUAL_LOST_ACOUSTIC_TRACKING -> VISUAL_ACQUISITION  (re-cueing camera from acoustic bearing)  priority=ACOUSTIC
2026-08-12 13:20:24,949 INFO    station.fusion     STATE VISUAL_ACQUISITION -> ACOUSTIC_TRACKING  (target left camera range)  priority=ACOUSTIC
2026-08-12 13:20:24,987 INFO    station.fusion     STATE ACOUSTIC_TRACKING -> VISUAL_TRACKING  (YOLO confirmed the target)  priority=CAMERA
2026-08-12 13:20:25,029 INFO    station.fusion     STATE VISUAL_TRACKING -> VISUAL_LOST_ACOUSTIC_TRACKING  (visual track lost, acoustic still holds the target)  priority=ACOUSTIC
2026-08-12 13:20:25,029 INFO    station.fusion     STATE VISUAL_LOST_ACOUSTIC_TRACKING -> VISUAL_ACQUISITION  (re-cueing camera from acoustic bearing)  priority=ACOUSTIC
2026-08-12 13:20:25,029 INFO    station.fusion     STATE VISUAL_ACQUISITION -> ACOUSTIC_TRACKING  (target left camera range)  priority=ACOUSTIC
2026-08-12 13:20:25,068 INFO    station.fusion     STATE ACOUSTIC_TRACKING -> VISUAL_TRACKING  (YOLO confirmed the target)  priority=CAMERA
2026-08-12 13:20:25,303 INFO    station.fusion     STATE VISUAL_TRACKING -> VISUAL_LOST_ACOUSTIC_TRACKING  (visual track lost, acoustic still holds the target)  priority=ACOUSTIC
2026-08-12 13:20:25,312 INFO    station.fusion     STATE VISUAL_LOST_ACOUSTIC_TRACKING -> VISUAL_ACQUISITION  (re-cueing camera from acoustic bearing)  priority=ACOUSTIC
2026-08-12 13:20:25,315 INFO    station.fusion     STATE VISUAL_ACQUISITION -> ACOUSTIC_TRACKING  (target left camera range)  priority=ACOUSTIC
2026-08-12 13:20:25,347 INFO    station.fusion     STATE ACOUSTIC_TRACKING -> VISUAL_TRACKING  (YOLO confirmed the target)  priority=CAMERA
2026-08-12 13:20:25,379 INFO    station.fusion     STATE VISUAL_TRACKING -> VISUAL_LOST_ACOUSTIC_TRACKING  (visual track lost, acoustic still holds the target)  priority=ACOUSTIC
2026-08-12 13:20:25,383 INFO    station.fusion     STATE VISUAL_LOST_ACOUSTIC_TRACKING -> VISUAL_ACQUISITION  (re-cueing camera from acoustic bearing)  priority=ACOUSTIC
2026-08-12 13:20:25,383 INFO    station.fusion     STATE VISUAL_ACQUISITION -> ACOUSTIC_TRACKING  (target left camera range)  priority=ACOUSTIC
2026-08-12 13:20:25,417 INFO    station.fusion     STATE ACOUSTIC_TRACKING -> VISUAL_TRACKING  (YOLO confirmed the target)  priority=CAMERA
2026-08-12 13:20:25,650 INFO    station.fusion     STATE VISUAL_TRACKING -> VISUAL_LOST_ACOUSTIC_TRACKING  (visual track lost, acoustic still holds the target)  priority=ACOUSTIC
2026-08-12 13:20:25,650 INFO    station.fusion     STATE VISUAL_LOST_ACOUSTIC_TRACKING -> VISUAL_ACQUISITION  (re-cueing camera from acoustic bearing)  priority=ACOUSTIC
2026-08-12 13:20:25,650 INFO    station.fusion     STATE VISUAL_ACQUISITION -> ACOUSTIC_TRACKING  (target left camera range)  priority=ACOUSTIC
2026-08-12 13:20:25,697 INFO    station.fusion     STATE ACOUSTIC_TRACKING -> VISUAL_TRACKING  (YOLO confirmed the target)  priority=CAMERA
2026-08-12 13:20:25,728 INFO    station.fusion     STATE VISUAL_TRACKING -> VISUAL_LOST_ACOUSTIC_TRACKING  (visual track lost, acoustic still holds the target)  priority=ACOUSTIC
2026-08-12 13:20:25,728 INFO    station.fusion     STATE VISUAL_LOST_ACOUSTIC_TRACKING -> VISUAL_ACQUISITION  (re-cueing camera from acoustic bearing)  priority=ACOUSTIC
2026-08-12 13:20:25,728 INFO    station.fusion     STATE VISUAL_ACQUISITION -> ACOUSTIC_TRACKING  (target left camera range)  priority=ACOUSTIC
2026-08-12 13:20:25,769 INFO    station.fusion     STATE ACOUSTIC_TRACKING -> VISUAL_TRACKING  (YOLO confirmed the target)  priority=CAMERA
2026-08-12 13:20:26,003 INFO    station.fusion     STATE VISUAL_TRACKING -> VISUAL_LOST_ACOUSTIC_TRACKING  (visual track lost, acoustic still holds the target)  priority=ACOUSTIC
2026-08-12 13:20:26,011 INFO    station.fusion     STATE VISUAL_LOST_ACOUSTIC_TRACKING -> VISUAL_ACQUISITION  (re-cueing camera from acoustic bearing)  priority=ACOUSTIC
2026-08-12 13:20:26,013 INFO    station.fusion     STATE VISUAL_ACQUISITION -> ACOUSTIC_TRACKING  (target left camera range)  priority=ACOUSTIC
2026-08-12 13:20:26,044 INFO    station.fusion     STATE ACOUSTIC_TRACKING -> VISUAL_TRACKING  (YOLO confirmed the target)  priority=CAMERA
2026-08-12 13:20:26,079 INFO    station.fusion     STATE VISUAL_TRACKING -> VISUAL_LOST_ACOUSTIC_TRACKING  (visual track lost, acoustic still holds the target)  priority=ACOUSTIC
2026-08-12 13:20:26,079 INFO    station.fusion     STATE VISUAL_LOST_ACOUSTIC_TRACKING -> VISUAL_ACQUISITION  (re-cueing camera from acoustic bearing)  priority=ACOUSTIC
2026-08-12 13:20:26,079 INFO    station.fusion     STATE VISUAL_ACQUISITION -> ACOUSTIC_TRACKING  (target left camera range)  priority=ACOUSTIC
2026-08-12 13:20:26,119 INFO    station.fusion     STATE ACOUSTIC_TRACKING -> VISUAL_TRACKING  (YOLO confirmed the target)  priority=CAMERA
2026-08-12 13:20:26,367 INFO    station.fusion     STATE VISUAL_TRACKING -> VISUAL_LOST_ACOUSTIC_TRACKING  (visual track lost, acoustic still holds the target)  priority=ACOUSTIC
2026-08-12 13:20:26,367 INFO    station.fusion     STATE VISUAL_LOST_ACOUSTIC_TRACKING -> VISUAL_ACQUISITION  (re-cueing camera from acoustic bearing)  priority=ACOUSTIC
2026-08-12 13:20:26,367 INFO    station.fusion     STATE VISUAL_ACQUISITION -> ACOUSTIC_TRACKING  (target left camera range)  priority=ACOUSTIC
2026-08-12 13:20:26,414 INFO    station.fusion     STATE ACOUSTIC_TRACKING -> VISUAL_TRACKING  (YOLO confirmed the target)  priority=CAMERA
2026-08-12 13:20:26,445 INFO    station.fusion     STATE VISUAL_TRACKING -> VISUAL_LOST_ACOUSTIC_TRACKING  (visual track lost, acoustic still holds the target)  priority=ACOUSTIC
2026-08-12 13:20:26,445 INFO    station.fusion     STATE VISUAL_LOST_ACOUSTIC_TRACKING -> VISUAL_ACQUISITION  (re-cueing camera from acoustic bearing)  priority=ACOUSTIC
2026-08-12 13:20:26,445 INFO    station.fusion     STATE VISUAL_ACQUISITION -> ACOUSTIC_TRACKING  (target left camera range)  priority=ACOUSTIC
2026-08-12 13:20:26,492 INFO    station.fusion     STATE ACOUSTIC_TRACKING -> VISUAL_TRACKING  (YOLO confirmed the target)  priority=CAMERA
2026-08-12 13:20:26,718 INFO    station.fusion     STATE VISUAL_TRACKING -> VISUAL_LOST_ACOUSTIC_TRACKING  (visual track lost, acoustic still holds the target)  priority=ACOUSTIC
2026-08-12 13:20:26,718 INFO    station.fusion     STATE VISUAL_LOST_ACOUSTIC_TRACKING -> VISUAL_ACQUISITION  (re-cueing camera from acoustic bearing)  priority=ACOUSTIC
2026-08-12 13:20:26,718 INFO    station.fusion     STATE VISUAL_ACQUISITION -> ACOUSTIC_TRACKING  (target left camera range)  priority=ACOUSTIC
2026-08-12 13:20:26,765 INFO    station.fusion     STATE ACOUSTIC_TRACKING -> VISUAL_TRACKING  (YOLO confirmed the target)  priority=CAMERA
2026-08-12 13:20:26,796 INFO    station.fusion     STATE VISUAL_TRACKING -> VISUAL_LOST_ACOUSTIC_TRACKING  (visual track lost, acoustic still holds the target)  priority=ACOUSTIC
2026-08-12 13:20:26,796 INFO    station.fusion     STATE VISUAL_LOST_ACOUSTIC_TRACKING -> VISUAL_ACQUISITION  (re-cueing camera from acoustic bearing)  priority=ACOUSTIC
2026-08-12 13:20:26,796 INFO    station.fusion     STATE VISUAL_ACQUISITION -> ACOUSTIC_TRACKING  (target left camera range)  priority=ACOUSTIC
2026-08-12 13:20:26,828 INFO    station.fusion     STATE ACOUSTIC_TRACKING -> VISUAL_TRACKING  (YOLO confirmed the target)  priority=CAMERA
2026-08-12 13:20:27,069 INFO    station.fusion     STATE VISUAL_TRACKING -> VISUAL_LOST_ACOUSTIC_TRACKING  (visual track lost, acoustic still holds the target)  priority=ACOUSTIC
2026-08-12 13:20:27,069 INFO    station.fusion     STATE VISUAL_LOST_ACOUSTIC_TRACKING -> VISUAL_ACQUISITION  (re-cueing camera from acoustic bearing)  priority=ACOUSTIC
2026-08-12 13:20:27,069 INFO    station.fusion     STATE VISUAL_ACQUISITION -> ACOUSTIC_TRACKING  (target left camera range)  priority=ACOUSTIC
2026-08-12 13:20:27,114 INFO    station.fusion     STATE ACOUSTIC_TRACKING -> VISUAL_TRACKING  (YOLO confirmed the target)  priority=CAMERA
2026-08-12 13:20:27,145 INFO    station.fusion     STATE VISUAL_TRACKING -> VISUAL_LOST_ACOUSTIC_TRACKING  (visual track lost, acoustic still holds the target)  priority=ACOUSTIC
2026-08-12 13:20:27,145 INFO    station.fusion     STATE VISUAL_LOST_ACOUSTIC_TRACKING -> VISUAL_ACQUISITION  (re-cueing camera from acoustic bearing)  priority=ACOUSTIC
2026-08-12 13:20:27,145 INFO    station.fusion     STATE VISUAL_ACQUISITION -> ACOUSTIC_TRACKING  (target left camera range)  priority=ACOUSTIC
2026-08-12 13:20:27,196 INFO    station.fusion     STATE ACOUSTIC_TRACKING -> VISUAL_TRACKING  (YOLO confirmed the target)  priority=CAMERA
2026-08-12 13:20:27,453 INFO    station.fusion     STATE VISUAL_TRACKING -> VISUAL_LOST_ACOUSTIC_TRACKING  (visual track lost, acoustic still holds the target)  priority=ACOUSTIC
2026-08-12 13:20:27,453 INFO    station.fusion     STATE VISUAL_LOST_ACOUSTIC_TRACKING -> VISUAL_ACQUISITION  (re-cueing camera from acoustic bearing)  priority=ACOUSTIC
2026-08-12 13:20:27,453 INFO    station.fusion     STATE VISUAL_ACQUISITION -> ACOUSTIC_TRACKING  (target left camera range)  priority=ACOUSTIC
2026-08-12 13:20:27,496 INFO    station.fusion     STATE ACOUSTIC_TRACKING -> VISUAL_TRACKING  (YOLO confirmed the target)  priority=CAMERA
2026-08-12 13:20:27,521 INFO    station.fusion     STATE VISUAL_TRACKING -> VISUAL_LOST_ACOUSTIC_TRACKING  (visual track lost, acoustic still holds the target)  priority=ACOUSTIC
2026-08-12 13:20:27,521 INFO    station.fusion     STATE VISUAL_LOST_ACOUSTIC_TRACKING -> VISUAL_ACQUISITION  (re-cueing camera from acoustic bearing)  priority=ACOUSTIC
2026-08-12 13:20:27,528 INFO    station.fusion     STATE VISUAL_ACQUISITION -> ACOUSTIC_TRACKING  (target left camera range)  priority=ACOUSTIC
2026-08-12 13:20:27,563 INFO    station.fusion     STATE ACOUSTIC_TRACKING -> VISUAL_TRACKING  (YOLO confirmed the target)  priority=CAMERA
2026-08-12 13:20:27,803 INFO    station.fusion     STATE VISUAL_TRACKING -> VISUAL_LOST_ACOUSTIC_TRACKING  (visual track lost, acoustic still holds the target)  priority=ACOUSTIC
2026-08-12 13:20:27,803 INFO    station.fusion     STATE VISUAL_LOST_ACOUSTIC_TRACKING -> VISUAL_ACQUISITION  (re-cueing camera from acoustic bearing)  priority=ACOUSTIC
2026-08-12 13:20:27,803 INFO    station.fusion     STATE VISUAL_ACQUISITION -> ACOUSTIC_TRACKING  (target left camera range)  priority=ACOUSTIC
2026-08-12 13:20:27,853 INFO    station.fusion     STATE ACOUSTIC_TRACKING -> VISUAL_TRACKING  (YOLO confirmed the target)  priority=CAMERA
2026-08-12 13:20:27,880 INFO    station.fusion     STATE VISUAL_TRACKING -> VISUAL_LOST_ACOUSTIC_TRACKING  (visual track lost, acoustic still holds the target)  priority=ACOUSTIC
2026-08-12 13:20:27,880 INFO    station.fusion     STATE VISUAL_LOST_ACOUSTIC_TRACKING -> VISUAL_ACQUISITION  (re-cueing camera from acoustic bearing)  priority=ACOUSTIC
2026-08-12 13:20:27,880 INFO    station.fusion     STATE VISUAL_ACQUISITION -> ACOUSTIC_TRACKING  (target left camera range)  priority=ACOUSTIC
2026-08-12 13:20:27,930 INFO    station.fusion     STATE ACOUSTIC_TRACKING -> VISUAL_TRACKING  (YOLO confirmed the target)  priority=CAMERA
2026-08-12 13:20:28,163 INFO    station.fusion     STATE VISUAL_TRACKING -> VISUAL_LOST_ACOUSTIC_TRACKING  (visual track lost, acoustic still holds the target)  priority=ACOUSTIC
2026-08-12 13:20:28,163 INFO    station.fusion     STATE VISUAL_LOST_ACOUSTIC_TRACKING -> VISUAL_ACQUISITION  (re-cueing camera from acoustic bearing)  priority=ACOUSTIC
2026-08-12 13:20:28,163 INFO    station.fusion     STATE VISUAL_ACQUISITION -> ACOUSTIC_TRACKING  (target left camera range)  priority=ACOUSTIC
2026-08-12 13:20:28,214 INFO    station.fusion     STATE ACOUSTIC_TRACKING -> VISUAL_TRACKING  (YOLO confirmed the target)  priority=CAMERA
2026-08-12 13:20:28,245 INFO    station.fusion     STATE VISUAL_TRACKING -> VISUAL_LOST_ACOUSTIC_TRACKING  (visual track lost, acoustic still holds the target)  priority=ACOUSTIC
2026-08-12 13:20:28,247 INFO    station.fusion     STATE VISUAL_LOST_ACOUSTIC_TRACKING -> VISUAL_ACQUISITION  (re-cueing camera from acoustic bearing)  priority=ACOUSTIC
2026-08-12 13:20:28,247 INFO    station.fusion     STATE VISUAL_ACQUISITION -> ACOUSTIC_TRACKING  (target left camera range)  priority=ACOUSTIC
2026-08-12 13:20:28,287 INFO    station.fusion     STATE ACOUSTIC_TRACKING -> VISUAL_TRACKING  (YOLO confirmed the target)  priority=CAMERA
2026-08-12 13:20:28,521 INFO    station.fusion     STATE VISUAL_TRACKING -> VISUAL_LOST_ACOUSTIC_TRACKING  (visual track lost, acoustic still holds the target)  priority=ACOUSTIC
2026-08-12 13:20:28,521 INFO    station.fusion     STATE VISUAL_LOST_ACOUSTIC_TRACKING -> VISUAL_ACQUISITION  (re-cueing camera from acoustic bearing)  priority=ACOUSTIC
2026-08-12 13:20:28,528 INFO    station.fusion     STATE VISUAL_ACQUISITION -> ACOUSTIC_TRACKING  (target left camera range)  priority=ACOUSTIC
2026-08-12 13:20:28,559 INFO    station.fusion     STATE ACOUSTIC_TRACKING -> VISUAL_TRACKING  (YOLO confirmed the target)  priority=CAMERA
2026-08-12 13:20:28,606 INFO    station.fusion     STATE VISUAL_TRACKING -> VISUAL_LOST_ACOUSTIC_TRACKING  (visual track lost, acoustic still holds the target)  priority=ACOUSTIC
2026-08-12 13:20:28,606 INFO    station.fusion     STATE VISUAL_LOST_ACOUSTIC_TRACKING -> VISUAL_ACQUISITION  (re-cueing camera from acoustic bearing)  priority=ACOUSTIC
2026-08-12 13:20:28,606 INFO    station.fusion     STATE VISUAL_ACQUISITION -> ACOUSTIC_TRACKING  (target left camera range)  priority=ACOUSTIC
2026-08-12 13:20:28,635 INFO    station.fusion     STATE ACOUSTIC_TRACKING -> VISUAL_TRACKING  (YOLO confirmed the target)  priority=CAMERA
2026-08-12 13:20:28,869 INFO    station.fusion     STATE VISUAL_TRACKING -> VISUAL_LOST_ACOUSTIC_TRACKING  (visual track lost, acoustic still holds the target)  priority=ACOUSTIC
2026-08-12 13:20:28,879 INFO    station.fusion     STATE VISUAL_LOST_ACOUSTIC_TRACKING -> VISUAL_ACQUISITION  (re-cueing camera from acoustic bearing)  priority=ACOUSTIC
2026-08-12 13:20:28,879 INFO    station.fusion     STATE VISUAL_ACQUISITION -> ACOUSTIC_TRACKING  (target left camera range)  priority=ACOUSTIC
2026-08-12 13:20:28,911 INFO    station.fusion     STATE ACOUSTIC_TRACKING -> VISUAL_TRACKING  (YOLO confirmed the target)  priority=CAMERA
2026-08-12 13:20:28,942 INFO    station.fusion     STATE VISUAL_TRACKING -> VISUAL_LOST_ACOUSTIC_TRACKING  (visual track lost, acoustic still holds the target)  priority=ACOUSTIC
2026-08-12 13:20:28,942 INFO    station.fusion     STATE VISUAL_LOST_ACOUSTIC_TRACKING -> VISUAL_ACQUISITION  (re-cueing camera from acoustic bearing)  priority=ACOUSTIC
2026-08-12 13:20:28,942 INFO    station.fusion     STATE VISUAL_ACQUISITION -> ACOUSTIC_TRACKING  (target left camera range)  priority=ACOUSTIC
2026-08-12 13:20:28,990 INFO    station.fusion     STATE ACOUSTIC_TRACKING -> VISUAL_TRACKING  (YOLO confirmed the target)  priority=CAMERA
2026-08-12 13:20:29,211 INFO    station.fusion     STATE VISUAL_TRACKING -> VISUAL_LOST_ACOUSTIC_TRACKING  (visual track lost, acoustic still holds the target)  priority=ACOUSTIC
2026-08-12 13:20:29,227 INFO    station.fusion     STATE VISUAL_LOST_ACOUSTIC_TRACKING -> VISUAL_ACQUISITION  (re-cueing camera from acoustic bearing)  priority=ACOUSTIC
2026-08-12 13:20:29,228 INFO    station.fusion     STATE VISUAL_ACQUISITION -> ACOUSTIC_TRACKING  (target left camera range)  priority=ACOUSTIC
2026-08-12 13:20:29,262 INFO    station.fusion     STATE ACOUSTIC_TRACKING -> VISUAL_TRACKING  (YOLO confirmed the target)  priority=CAMERA
2026-08-12 13:20:29,311 INFO    station.fusion     STATE VISUAL_TRACKING -> VISUAL_LOST_ACOUSTIC_TRACKING  (visual track lost, acoustic still holds the target)  priority=ACOUSTIC
2026-08-12 13:20:29,314 INFO    station.fusion     STATE VISUAL_LOST_ACOUSTIC_TRACKING -> VISUAL_ACQUISITION  (re-cueing camera from acoustic bearing)  priority=ACOUSTIC
2026-08-12 13:20:29,314 INFO    station.fusion     STATE VISUAL_ACQUISITION -> ACOUSTIC_TRACKING  (target left camera range)  priority=ACOUSTIC
2026-08-12 13:20:29,352 INFO    station.fusion     STATE ACOUSTIC_TRACKING -> VISUAL_TRACKING  (YOLO confirmed the target)  priority=CAMERA
2026-08-12 13:20:29,587 INFO    station.fusion     STATE VISUAL_TRACKING -> VISUAL_LOST_ACOUSTIC_TRACKING  (visual track lost, acoustic still holds the target)  priority=ACOUSTIC
2026-08-12 13:20:29,587 INFO    station.fusion     STATE VISUAL_LOST_ACOUSTIC_TRACKING -> VISUAL_ACQUISITION  (re-cueing camera from acoustic bearing)  priority=ACOUSTIC
2026-08-12 13:20:29,587 INFO    station.fusion     STATE VISUAL_ACQUISITION -> ACOUSTIC_TRACKING  (target left camera range)  priority=ACOUSTIC
2026-08-12 13:20:29,634 INFO    station.fusion     STATE ACOUSTIC_TRACKING -> VISUAL_TRACKING  (YOLO confirmed the target)  priority=CAMERA
2026-08-12 13:20:29,665 INFO    station.fusion     STATE VISUAL_TRACKING -> VISUAL_LOST_ACOUSTIC_TRACKING  (visual track lost, acoustic still holds the target)  priority=ACOUSTIC
2026-08-12 13:20:29,665 INFO    station.fusion     STATE VISUAL_LOST_ACOUSTIC_TRACKING -> VISUAL_ACQUISITION  (re-cueing camera from acoustic bearing)  priority=ACOUSTIC
2026-08-12 13:20:29,665 INFO    station.fusion     STATE VISUAL_ACQUISITION -> ACOUSTIC_TRACKING  (target left camera range)  priority=ACOUSTIC
2026-08-12 13:20:29,702 INFO    station.fusion     STATE ACOUSTIC_TRACKING -> VISUAL_TRACKING  (YOLO confirmed the target)  priority=CAMERA
2026-08-12 13:20:29,899 INFO    station.fusion     STATE SEARCHING -> ACOUSTIC_DETECTED  (acoustic contact)  priority=ACOUSTIC
2026-08-12 13:20:29,899 INFO    station.fusion     STATE ACOUSTIC_DETECTED -> ACOUSTIC_TRACKING  (acoustic alarm confirmed)  priority=ACOUSTIC
2026-08-12 13:20:29,899 INFO    station.fusion     STATE SEARCHING -> ACOUSTIC_DETECTED  (acoustic contact)  priority=ACOUSTIC
2026-08-12 13:20:29,899 INFO    station.fusion     STATE ACOUSTIC_DETECTED -> ACOUSTIC_TRACKING  (acoustic alarm confirmed)  priority=ACOUSTIC
2026-08-12 13:20:29,915 INFO    station.fusion     STATE ACOUSTIC_TRACKING -> VISUAL_ACQUISITION  (acoustic confirmed; range unknown, acquiring anyway)  priority=ACOUSTIC
2026-08-12 13:20:32,114 INFO    station.fusion     STATE SEARCHING -> ACOUSTIC_DETECTED  (acoustic contact)  priority=ACOUSTIC
2026-08-12 13:20:32,114 INFO    station.fusion     STATE SEARCHING -> ACOUSTIC_DETECTED  (acoustic contact)  priority=ACOUSTIC
2026-08-12 13:20:32,114 INFO    station.fusion     STATE ACOUSTIC_DETECTED -> ACOUSTIC_TRACKING  (acoustic alarm confirmed)  priority=ACOUSTIC
2026-08-12 13:20:32,114 INFO    station.fusion     STATE ACOUSTIC_TRACKING -> VISUAL_TRACKING  (YOLO confirmed the target)  priority=CAMERA
2026-08-12 13:20:32,114 INFO    station.fusion     STATE SEARCHING -> ACOUSTIC_DETECTED  (acoustic contact)  priority=ACOUSTIC
2026-08-12 13:20:32,114 INFO    station.fusion     STATE ACOUSTIC_DETECTED -> ACOUSTIC_TRACKING  (acoustic alarm confirmed)  priority=ACOUSTIC
2026-08-12 13:20:32,114 INFO    station.fusion     STATE SEARCHING -> ACOUSTIC_DETECTED  (acoustic contact)  priority=ACOUSTIC
2026-08-12 13:20:32,114 INFO    station.fusion     STATE ACOUSTIC_DETECTED -> ACOUSTIC_TRACKING  (acoustic alarm confirmed)  priority=ACOUSTIC
2026-08-12 13:20:42,293 INFO    station.fusion     STATE SEARCHING -> ACOUSTIC_DETECTED  (acoustic contact)  priority=ACOUSTIC
2026-08-12 13:20:42,293 INFO    station.fusion     STATE ACOUSTIC_DETECTED -> ACOUSTIC_TRACKING  (acoustic alarm confirmed)  priority=ACOUSTIC
2026-08-12 13:20:42,293 INFO    station.fusion     STATE ACOUSTIC_TRACKING -> VISUAL_TRACKING  (YOLO confirmed the target)  priority=CAMERA
2026-08-12 13:20:42,301 INFO    station.fusion     STATE SEARCHING -> ACOUSTIC_DETECTED  (acoustic contact)  priority=ACOUSTIC
2026-08-12 13:20:42,301 INFO    station.fusion     STATE ACOUSTIC_DETECTED -> ACOUSTIC_TRACKING  (acoustic alarm confirmed)  priority=ACOUSTIC
2026-08-12 13:20:42,301 INFO    station.fusion     STATE ACOUSTIC_TRACKING -> VISUAL_TRACKING  (YOLO confirmed the target)  priority=CAMERA
2026-08-12 13:20:42,301 INFO    station.fusion     STATE VISUAL_TRACKING -> VISUAL_LOST_ACOUSTIC_TRACKING  (visual track lost, acoustic still holds the target)  priority=ACOUSTIC
2026-08-12 13:20:42,301 INFO    station.fusion     STATE VISUAL_LOST_ACOUSTIC_TRACKING -> VISUAL_ACQUISITION  (re-cueing camera from acoustic bearing)  priority=ACOUSTIC
2026-08-12 13:20:42,301 INFO    station.fusion     STATE VISUAL_ACQUISITION -> ACOUSTIC_TRACKING  (camera offline, reverting to acoustic)  priority=ACOUSTIC
2026-08-12 13:20:42,301 INFO    station.fusion     STATE SEARCHING -> ACOUSTIC_DETECTED  (acoustic contact)  priority=ACOUSTIC
2026-08-12 13:20:42,309 INFO    station.fusion     STATE ACOUSTIC_DETECTED -> ACOUSTIC_TRACKING  (acoustic alarm confirmed)  priority=ACOUSTIC
2026-08-12 13:20:42,345 INFO    station.fusion     STATE ACOUSTIC_TRACKING -> VISUAL_TRACKING  (YOLO confirmed the target)  priority=CAMERA
2026-08-12 13:20:42,629 INFO    station.fusion     STATE VISUAL_TRACKING -> VISUAL_LOST_ACOUSTIC_TRACKING  (visual track lost, acoustic still holds the target)  priority=ACOUSTIC
2026-08-12 13:20:42,629 INFO    station.fusion     STATE VISUAL_LOST_ACOUSTIC_TRACKING -> VISUAL_ACQUISITION  (re-cueing camera from acoustic bearing)  priority=ACOUSTIC
2026-08-12 13:20:42,629 INFO    station.fusion     STATE VISUAL_ACQUISITION -> ACOUSTIC_TRACKING  (target left camera range)  priority=ACOUSTIC
2026-08-12 13:20:42,686 INFO    station.fusion     STATE ACOUSTIC_TRACKING -> VISUAL_TRACKING  (YOLO confirmed the target)  priority=CAMERA
2026-08-12 13:20:42,726 INFO    station.fusion     STATE VISUAL_TRACKING -> VISUAL_LOST_ACOUSTIC_TRACKING  (visual track lost, acoustic still holds the target)  priority=ACOUSTIC
2026-08-12 13:20:42,726 INFO    station.fusion     STATE VISUAL_LOST_ACOUSTIC_TRACKING -> VISUAL_ACQUISITION  (re-cueing camera from acoustic bearing)  priority=ACOUSTIC
2026-08-12 13:20:42,728 INFO    station.fusion     STATE VISUAL_ACQUISITION -> ACOUSTIC_TRACKING  (target left camera range)  priority=ACOUSTIC
2026-08-12 13:20:42,762 INFO    station.fusion     STATE ACOUSTIC_TRACKING -> VISUAL_TRACKING  (YOLO confirmed the target)  priority=CAMERA
2026-08-12 13:20:43,000 INFO    station.fusion     STATE VISUAL_TRACKING -> VISUAL_LOST_ACOUSTIC_TRACKING  (visual track lost, acoustic still holds the target)  priority=ACOUSTIC
2026-08-12 13:20:43,000 INFO    station.fusion     STATE VISUAL_LOST_ACOUSTIC_TRACKING -> VISUAL_ACQUISITION  (re-cueing camera from acoustic bearing)  priority=ACOUSTIC
2026-08-12 13:20:43,000 INFO    station.fusion     STATE VISUAL_ACQUISITION -> ACOUSTIC_TRACKING  (target left camera range)  priority=ACOUSTIC
2026-08-12 13:20:43,045 INFO    station.fusion     STATE ACOUSTIC_TRACKING -> VISUAL_TRACKING  (YOLO confirmed the target)  priority=CAMERA
2026-08-12 13:20:43,061 INFO    station.fusion     STATE VISUAL_TRACKING -> VISUAL_LOST_ACOUSTIC_TRACKING  (visual track lost, acoustic still holds the target)  priority=ACOUSTIC
2026-08-12 13:20:43,061 INFO    station.fusion     STATE VISUAL_LOST_ACOUSTIC_TRACKING -> VISUAL_ACQUISITION  (re-cueing camera from acoustic bearing)  priority=ACOUSTIC
2026-08-12 13:20:43,061 INFO    station.fusion     STATE VISUAL_ACQUISITION -> ACOUSTIC_TRACKING  (target left camera range)  priority=ACOUSTIC
2026-08-12 13:20:43,110 INFO    station.fusion     STATE ACOUSTIC_TRACKING -> VISUAL_TRACKING  (YOLO confirmed the target)  priority=CAMERA
2026-08-12 13:20:43,344 INFO    station.fusion     STATE VISUAL_TRACKING -> VISUAL_LOST_ACOUSTIC_TRACKING  (visual track lost, acoustic still holds the target)  priority=ACOUSTIC
2026-08-12 13:20:43,344 INFO    station.fusion     STATE VISUAL_LOST_ACOUSTIC_TRACKING -> VISUAL_ACQUISITION  (re-cueing camera from acoustic bearing)  priority=ACOUSTIC
2026-08-12 13:20:43,344 INFO    station.fusion     STATE VISUAL_ACQUISITION -> ACOUSTIC_TRACKING  (target left camera range)  priority=ACOUSTIC
2026-08-12 13:20:43,394 INFO    station.fusion     STATE ACOUSTIC_TRACKING -> VISUAL_TRACKING  (YOLO confirmed the target)  priority=CAMERA
2026-08-12 13:20:43,427 INFO    station.fusion     STATE VISUAL_TRACKING -> VISUAL_LOST_ACOUSTIC_TRACKING  (visual track lost, acoustic still holds the target)  priority=ACOUSTIC
2026-08-12 13:20:43,427 INFO    station.fusion     STATE VISUAL_LOST_ACOUSTIC_TRACKING -> VISUAL_ACQUISITION  (re-cueing camera from acoustic bearing)  priority=ACOUSTIC
2026-08-12 13:20:43,427 INFO    station.fusion     STATE VISUAL_ACQUISITION -> ACOUSTIC_TRACKING  (target left camera range)  priority=ACOUSTIC
2026-08-12 13:20:43,478 INFO    station.fusion     STATE ACOUSTIC_TRACKING -> VISUAL_TRACKING  (YOLO confirmed the target)  priority=CAMERA
2026-08-12 13:20:43,712 INFO    station.fusion     STATE VISUAL_TRACKING -> VISUAL_LOST_ACOUSTIC_TRACKING  (visual track lost, acoustic still holds the target)  priority=ACOUSTIC
2026-08-12 13:20:43,712 INFO    station.fusion     STATE VISUAL_LOST_ACOUSTIC_TRACKING -> VISUAL_ACQUISITION  (re-cueing camera from acoustic bearing)  priority=ACOUSTIC
2026-08-12 13:20:43,712 INFO    station.fusion     STATE VISUAL_ACQUISITION -> ACOUSTIC_TRACKING  (target left camera range)  priority=ACOUSTIC
2026-08-12 13:20:43,762 INFO    station.fusion     STATE ACOUSTIC_TRACKING -> VISUAL_TRACKING  (YOLO confirmed the target)  priority=CAMERA
2026-08-12 13:20:43,793 INFO    station.fusion     STATE VISUAL_TRACKING -> VISUAL_LOST_ACOUSTIC_TRACKING  (visual track lost, acoustic still holds the target)  priority=ACOUSTIC
2026-08-12 13:20:43,793 INFO    station.fusion     STATE VISUAL_LOST_ACOUSTIC_TRACKING -> VISUAL_ACQUISITION  (re-cueing camera from acoustic bearing)  priority=ACOUSTIC
2026-08-12 13:20:43,793 INFO    station.fusion     STATE VISUAL_ACQUISITION -> ACOUSTIC_TRACKING  (target left camera range)  priority=ACOUSTIC
2026-08-12 13:20:43,833 INFO    station.fusion     STATE ACOUSTIC_TRACKING -> VISUAL_TRACKING  (YOLO confirmed the target)  priority=CAMERA
2026-08-12 13:20:44,062 INFO    station.fusion     STATE VISUAL_TRACKING -> VISUAL_LOST_ACOUSTIC_TRACKING  (visual track lost, acoustic still holds the target)  priority=ACOUSTIC
2026-08-12 13:20:44,062 INFO    station.fusion     STATE VISUAL_LOST_ACOUSTIC_TRACKING -> VISUAL_ACQUISITION  (re-cueing camera from acoustic bearing)  priority=ACOUSTIC
2026-08-12 13:20:44,062 INFO    station.fusion     STATE VISUAL_ACQUISITION -> ACOUSTIC_TRACKING  (target left camera range)  priority=ACOUSTIC
2026-08-12 13:20:44,112 INFO    station.fusion     STATE ACOUSTIC_TRACKING -> VISUAL_TRACKING  (YOLO confirmed the target)  priority=CAMERA
2026-08-12 13:20:44,145 INFO    station.fusion     STATE VISUAL_TRACKING -> VISUAL_LOST_ACOUSTIC_TRACKING  (visual track lost, acoustic still holds the target)  priority=ACOUSTIC
2026-08-12 13:20:44,145 INFO    station.fusion     STATE VISUAL_LOST_ACOUSTIC_TRACKING -> VISUAL_ACQUISITION  (re-cueing camera from acoustic bearing)  priority=ACOUSTIC
2026-08-12 13:20:44,145 INFO    station.fusion     STATE VISUAL_ACQUISITION -> ACOUSTIC_TRACKING  (target left camera range)  priority=ACOUSTIC
2026-08-12 13:20:44,183 INFO    station.fusion     STATE ACOUSTIC_TRACKING -> VISUAL_TRACKING  (YOLO confirmed the target)  priority=CAMERA
2026-08-12 13:20:44,412 INFO    station.fusion     STATE VISUAL_TRACKING -> VISUAL_LOST_ACOUSTIC_TRACKING  (visual track lost, acoustic still holds the target)  priority=ACOUSTIC
2026-08-12 13:20:44,412 INFO    station.fusion     STATE VISUAL_LOST_ACOUSTIC_TRACKING -> VISUAL_ACQUISITION  (re-cueing camera from acoustic bearing)  priority=ACOUSTIC
2026-08-12 13:20:44,412 INFO    station.fusion     STATE VISUAL_ACQUISITION -> ACOUSTIC_TRACKING  (target left camera range)  priority=ACOUSTIC
2026-08-12 13:20:44,462 INFO    station.fusion     STATE ACOUSTIC_TRACKING -> VISUAL_TRACKING  (YOLO confirmed the target)  priority=CAMERA
2026-08-12 13:20:44,479 INFO    station.fusion     STATE VISUAL_TRACKING -> VISUAL_LOST_ACOUSTIC_TRACKING  (visual track lost, acoustic still holds the target)  priority=ACOUSTIC
2026-08-12 13:20:44,479 INFO    station.fusion     STATE VISUAL_LOST_ACOUSTIC_TRACKING -> VISUAL_ACQUISITION  (re-cueing camera from acoustic bearing)  priority=ACOUSTIC
2026-08-12 13:20:44,494 INFO    station.fusion     STATE VISUAL_ACQUISITION -> ACOUSTIC_TRACKING  (target left camera range)  priority=ACOUSTIC
2026-08-12 13:20:44,530 INFO    station.fusion     STATE ACOUSTIC_TRACKING -> VISUAL_TRACKING  (YOLO confirmed the target)  priority=CAMERA
2026-08-12 13:20:44,785 INFO    station.fusion     STATE VISUAL_TRACKING -> VISUAL_LOST_ACOUSTIC_TRACKING  (visual track lost, acoustic still holds the target)  priority=ACOUSTIC
2026-08-12 13:20:44,785 INFO    station.fusion     STATE VISUAL_LOST_ACOUSTIC_TRACKING -> VISUAL_ACQUISITION  (re-cueing camera from acoustic bearing)  priority=ACOUSTIC
2026-08-12 13:20:44,785 INFO    station.fusion     STATE VISUAL_ACQUISITION -> ACOUSTIC_TRACKING  (target left camera range)  priority=ACOUSTIC
2026-08-12 13:20:44,826 INFO    station.fusion     STATE ACOUSTIC_TRACKING -> VISUAL_TRACKING  (YOLO confirmed the target)  priority=CAMERA
2026-08-12 13:20:44,864 INFO    station.fusion     STATE VISUAL_TRACKING -> VISUAL_LOST_ACOUSTIC_TRACKING  (visual track lost, acoustic still holds the target)  priority=ACOUSTIC
2026-08-12 13:20:44,864 INFO    station.fusion     STATE VISUAL_LOST_ACOUSTIC_TRACKING -> VISUAL_ACQUISITION  (re-cueing camera from acoustic bearing)  priority=ACOUSTIC
2026-08-12 13:20:44,864 INFO    station.fusion     STATE VISUAL_ACQUISITION -> ACOUSTIC_TRACKING  (target left camera range)  priority=ACOUSTIC
2026-08-12 13:20:44,911 INFO    station.fusion     STATE ACOUSTIC_TRACKING -> VISUAL_TRACKING  (YOLO confirmed the target)  priority=CAMERA
2026-08-12 13:20:45,144 INFO    station.fusion     STATE VISUAL_TRACKING -> VISUAL_LOST_ACOUSTIC_TRACKING  (visual track lost, acoustic still holds the target)  priority=ACOUSTIC
2026-08-12 13:20:45,144 INFO    station.fusion     STATE VISUAL_LOST_ACOUSTIC_TRACKING -> VISUAL_ACQUISITION  (re-cueing camera from acoustic bearing)  priority=ACOUSTIC
2026-08-12 13:20:45,144 INFO    station.fusion     STATE VISUAL_ACQUISITION -> ACOUSTIC_TRACKING  (target left camera range)  priority=ACOUSTIC
2026-08-12 13:20:45,191 INFO    station.fusion     STATE ACOUSTIC_TRACKING -> VISUAL_TRACKING  (YOLO confirmed the target)  priority=CAMERA
2026-08-12 13:20:45,207 INFO    station.fusion     STATE VISUAL_TRACKING -> VISUAL_LOST_ACOUSTIC_TRACKING  (visual track lost, acoustic still holds the target)  priority=ACOUSTIC
2026-08-12 13:20:45,207 INFO    station.fusion     STATE VISUAL_LOST_ACOUSTIC_TRACKING -> VISUAL_ACQUISITION  (re-cueing camera from acoustic bearing)  priority=ACOUSTIC
2026-08-12 13:20:45,207 INFO    station.fusion     STATE VISUAL_ACQUISITION -> ACOUSTIC_TRACKING  (target left camera range)  priority=ACOUSTIC
2026-08-12 13:20:45,254 INFO    station.fusion     STATE ACOUSTIC_TRACKING -> VISUAL_TRACKING  (YOLO confirmed the target)  priority=CAMERA
2026-08-12 13:20:45,494 INFO    station.fusion     STATE VISUAL_TRACKING -> VISUAL_LOST_ACOUSTIC_TRACKING  (visual track lost, acoustic still holds the target)  priority=ACOUSTIC
2026-08-12 13:20:45,494 INFO    station.fusion     STATE VISUAL_LOST_ACOUSTIC_TRACKING -> VISUAL_ACQUISITION  (re-cueing camera from acoustic bearing)  priority=ACOUSTIC
2026-08-12 13:20:45,494 INFO    station.fusion     STATE VISUAL_ACQUISITION -> ACOUSTIC_TRACKING  (target left camera range)  priority=ACOUSTIC
2026-08-12 13:20:45,542 INFO    station.fusion     STATE ACOUSTIC_TRACKING -> VISUAL_TRACKING  (YOLO confirmed the target)  priority=CAMERA
2026-08-12 13:20:45,565 INFO    station.fusion     STATE VISUAL_TRACKING -> VISUAL_LOST_ACOUSTIC_TRACKING  (visual track lost, acoustic still holds the target)  priority=ACOUSTIC
2026-08-12 13:20:45,565 INFO    station.fusion     STATE VISUAL_LOST_ACOUSTIC_TRACKING -> VISUAL_ACQUISITION  (re-cueing camera from acoustic bearing)  priority=ACOUSTIC
2026-08-12 13:20:45,565 INFO    station.fusion     STATE VISUAL_ACQUISITION -> ACOUSTIC_TRACKING  (target left camera range)  priority=ACOUSTIC
2026-08-12 13:20:45,612 INFO    station.fusion     STATE ACOUSTIC_TRACKING -> VISUAL_TRACKING  (YOLO confirmed the target)  priority=CAMERA
2026-08-12 13:20:45,843 INFO    station.fusion     STATE VISUAL_TRACKING -> VISUAL_LOST_ACOUSTIC_TRACKING  (visual track lost, acoustic still holds the target)  priority=ACOUSTIC
2026-08-12 13:20:45,859 INFO    station.fusion     STATE VISUAL_LOST_ACOUSTIC_TRACKING -> VISUAL_ACQUISITION  (re-cueing camera from acoustic bearing)  priority=ACOUSTIC
2026-08-12 13:20:45,859 INFO    station.fusion     STATE VISUAL_ACQUISITION -> ACOUSTIC_TRACKING  (target left camera range)  priority=ACOUSTIC
2026-08-12 13:20:45,890 INFO    station.fusion     STATE ACOUSTIC_TRACKING -> VISUAL_TRACKING  (YOLO confirmed the target)  priority=CAMERA
2026-08-12 13:20:45,929 INFO    station.fusion     STATE VISUAL_TRACKING -> VISUAL_LOST_ACOUSTIC_TRACKING  (visual track lost, acoustic still holds the target)  priority=ACOUSTIC
2026-08-12 13:20:45,929 INFO    station.fusion     STATE VISUAL_LOST_ACOUSTIC_TRACKING -> VISUAL_ACQUISITION  (re-cueing camera from acoustic bearing)  priority=ACOUSTIC
2026-08-12 13:20:45,929 INFO    station.fusion     STATE VISUAL_ACQUISITION -> ACOUSTIC_TRACKING  (target left camera range)  priority=ACOUSTIC
2026-08-12 13:20:45,962 INFO    station.fusion     STATE ACOUSTIC_TRACKING -> VISUAL_TRACKING  (YOLO confirmed the target)  priority=CAMERA
2026-08-12 13:20:46,198 INFO    station.fusion     STATE VISUAL_TRACKING -> VISUAL_LOST_ACOUSTIC_TRACKING  (visual track lost, acoustic still holds the target)  priority=ACOUSTIC
2026-08-12 13:20:46,198 INFO    station.fusion     STATE VISUAL_LOST_ACOUSTIC_TRACKING -> VISUAL_ACQUISITION  (re-cueing camera from acoustic bearing)  priority=ACOUSTIC
2026-08-12 13:20:46,198 INFO    station.fusion     STATE VISUAL_ACQUISITION -> ACOUSTIC_TRACKING  (target left camera range)  priority=ACOUSTIC
2026-08-12 13:20:46,244 INFO    station.fusion     STATE ACOUSTIC_TRACKING -> VISUAL_TRACKING  (YOLO confirmed the target)  priority=CAMERA
2026-08-12 13:20:46,283 INFO    station.fusion     STATE VISUAL_TRACKING -> VISUAL_LOST_ACOUSTIC_TRACKING  (visual track lost, acoustic still holds the target)  priority=ACOUSTIC
2026-08-12 13:20:46,283 INFO    station.fusion     STATE VISUAL_LOST_ACOUSTIC_TRACKING -> VISUAL_ACQUISITION  (re-cueing camera from acoustic bearing)  priority=ACOUSTIC
2026-08-12 13:20:46,283 INFO    station.fusion     STATE VISUAL_ACQUISITION -> ACOUSTIC_TRACKING  (target left camera range)  priority=ACOUSTIC
2026-08-12 13:20:46,327 INFO    station.fusion     STATE ACOUSTIC_TRACKING -> VISUAL_TRACKING  (YOLO confirmed the target)  priority=CAMERA
2026-08-12 13:20:46,559 INFO    station.fusion     STATE VISUAL_TRACKING -> VISUAL_LOST_ACOUSTIC_TRACKING  (visual track lost, acoustic still holds the target)  priority=ACOUSTIC
2026-08-12 13:20:46,559 INFO    station.fusion     STATE VISUAL_LOST_ACOUSTIC_TRACKING -> VISUAL_ACQUISITION  (re-cueing camera from acoustic bearing)  priority=ACOUSTIC
2026-08-12 13:20:46,559 INFO    station.fusion     STATE VISUAL_ACQUISITION -> ACOUSTIC_TRACKING  (target left camera range)  priority=ACOUSTIC
2026-08-12 13:20:46,611 INFO    station.fusion     STATE ACOUSTIC_TRACKING -> VISUAL_TRACKING  (YOLO confirmed the target)  priority=CAMERA
2026-08-12 13:20:46,643 INFO    station.fusion     STATE VISUAL_TRACKING -> VISUAL_LOST_ACOUSTIC_TRACKING  (visual track lost, acoustic still holds the target)  priority=ACOUSTIC
2026-08-12 13:20:46,645 INFO    station.fusion     STATE VISUAL_LOST_ACOUSTIC_TRACKING -> VISUAL_ACQUISITION  (re-cueing camera from acoustic bearing)  priority=ACOUSTIC
2026-08-12 13:20:46,645 INFO    station.fusion     STATE VISUAL_ACQUISITION -> ACOUSTIC_TRACKING  (target left camera range)  priority=ACOUSTIC
2026-08-12 13:20:46,685 INFO    station.fusion     STATE ACOUSTIC_TRACKING -> VISUAL_TRACKING  (YOLO confirmed the target)  priority=CAMERA
2026-08-12 13:20:46,927 INFO    station.fusion     STATE VISUAL_TRACKING -> VISUAL_LOST_ACOUSTIC_TRACKING  (visual track lost, acoustic still holds the target)  priority=ACOUSTIC
2026-08-12 13:20:46,929 INFO    station.fusion     STATE VISUAL_LOST_ACOUSTIC_TRACKING -> VISUAL_ACQUISITION  (re-cueing camera from acoustic bearing)  priority=ACOUSTIC
2026-08-12 13:20:46,929 INFO    station.fusion     STATE VISUAL_ACQUISITION -> ACOUSTIC_TRACKING  (target left camera range)  priority=ACOUSTIC
2026-08-12 13:20:46,961 INFO    station.fusion     STATE ACOUSTIC_TRACKING -> VISUAL_TRACKING  (YOLO confirmed the target)  priority=CAMERA
2026-08-12 13:20:46,999 INFO    station.fusion     STATE VISUAL_TRACKING -> VISUAL_LOST_ACOUSTIC_TRACKING  (visual track lost, acoustic still holds the target)  priority=ACOUSTIC
2026-08-12 13:20:47,010 INFO    station.fusion     STATE VISUAL_LOST_ACOUSTIC_TRACKING -> VISUAL_ACQUISITION  (re-cueing camera from acoustic bearing)  priority=ACOUSTIC
2026-08-12 13:20:47,010 INFO    station.fusion     STATE VISUAL_ACQUISITION -> ACOUSTIC_TRACKING  (target left camera range)  priority=ACOUSTIC
2026-08-12 13:20:47,044 INFO    station.fusion     STATE ACOUSTIC_TRACKING -> VISUAL_TRACKING  (YOLO confirmed the target)  priority=CAMERA
2026-08-12 13:20:47,284 INFO    station.fusion     STATE VISUAL_TRACKING -> VISUAL_LOST_ACOUSTIC_TRACKING  (visual track lost, acoustic still holds the target)  priority=ACOUSTIC
2026-08-12 13:20:47,284 INFO    station.fusion     STATE VISUAL_LOST_ACOUSTIC_TRACKING -> VISUAL_ACQUISITION  (re-cueing camera from acoustic bearing)  priority=ACOUSTIC
2026-08-12 13:20:47,292 INFO    station.fusion     STATE VISUAL_ACQUISITION -> ACOUSTIC_TRACKING  (target left camera range)  priority=ACOUSTIC
2026-08-12 13:20:47,333 INFO    station.fusion     STATE ACOUSTIC_TRACKING -> VISUAL_TRACKING  (YOLO confirmed the target)  priority=CAMERA
2026-08-12 13:20:47,361 INFO    station.fusion     STATE VISUAL_TRACKING -> VISUAL_LOST_ACOUSTIC_TRACKING  (visual track lost, acoustic still holds the target)  priority=ACOUSTIC
2026-08-12 13:20:47,361 INFO    station.fusion     STATE VISUAL_LOST_ACOUSTIC_TRACKING -> VISUAL_ACQUISITION  (re-cueing camera from acoustic bearing)  priority=ACOUSTIC
2026-08-12 13:20:47,361 INFO    station.fusion     STATE VISUAL_ACQUISITION -> ACOUSTIC_TRACKING  (target left camera range)  priority=ACOUSTIC
2026-08-12 13:20:47,395 INFO    station.fusion     STATE ACOUSTIC_TRACKING -> VISUAL_TRACKING  (YOLO confirmed the target)  priority=CAMERA
2026-08-12 13:20:47,645 INFO    station.fusion     STATE VISUAL_TRACKING -> VISUAL_LOST_ACOUSTIC_TRACKING  (visual track lost, acoustic still holds the target)  priority=ACOUSTIC
2026-08-12 13:20:47,645 INFO    station.fusion     STATE VISUAL_LOST_ACOUSTIC_TRACKING -> VISUAL_ACQUISITION  (re-cueing camera from acoustic bearing)  priority=ACOUSTIC
2026-08-12 13:20:47,645 INFO    station.fusion     STATE VISUAL_ACQUISITION -> ACOUSTIC_TRACKING  (target left camera range)  priority=ACOUSTIC
2026-08-12 13:20:47,695 INFO    station.fusion     STATE ACOUSTIC_TRACKING -> VISUAL_TRACKING  (YOLO confirmed the target)  priority=CAMERA
2026-08-12 13:20:47,732 INFO    station.fusion     STATE VISUAL_TRACKING -> VISUAL_LOST_ACOUSTIC_TRACKING  (visual track lost, acoustic still holds the target)  priority=ACOUSTIC
2026-08-12 13:20:47,732 INFO    station.fusion     STATE VISUAL_LOST_ACOUSTIC_TRACKING -> VISUAL_ACQUISITION  (re-cueing camera from acoustic bearing)  priority=ACOUSTIC
2026-08-12 13:20:47,732 INFO    station.fusion     STATE VISUAL_ACQUISITION -> ACOUSTIC_TRACKING  (target left camera range)  priority=ACOUSTIC
2026-08-12 13:20:47,777 INFO    station.fusion     STATE ACOUSTIC_TRACKING -> VISUAL_TRACKING  (YOLO confirmed the target)  priority=CAMERA
2026-08-12 13:20:48,009 INFO    station.fusion     STATE VISUAL_TRACKING -> VISUAL_LOST_ACOUSTIC_TRACKING  (visual track lost, acoustic still holds the target)  priority=ACOUSTIC
2026-08-12 13:20:48,017 INFO    station.fusion     STATE VISUAL_LOST_ACOUSTIC_TRACKING -> VISUAL_ACQUISITION  (re-cueing camera from acoustic bearing)  priority=ACOUSTIC
2026-08-12 13:20:48,017 INFO    station.fusion     STATE VISUAL_ACQUISITION -> ACOUSTIC_TRACKING  (target left camera range)  priority=ACOUSTIC
2026-08-12 13:20:48,061 INFO    station.fusion     STATE ACOUSTIC_TRACKING -> VISUAL_TRACKING  (YOLO confirmed the target)  priority=CAMERA
2026-08-12 13:20:48,077 INFO    station.fusion     STATE VISUAL_TRACKING -> VISUAL_LOST_ACOUSTIC_TRACKING  (visual track lost, acoustic still holds the target)  priority=ACOUSTIC
2026-08-12 13:20:48,077 INFO    station.fusion     STATE VISUAL_LOST_ACOUSTIC_TRACKING -> VISUAL_ACQUISITION  (re-cueing camera from acoustic bearing)  priority=ACOUSTIC
2026-08-12 13:20:48,077 INFO    station.fusion     STATE VISUAL_ACQUISITION -> ACOUSTIC_TRACKING  (target left camera range)  priority=ACOUSTIC
2026-08-12 13:20:48,124 INFO    station.fusion     STATE ACOUSTIC_TRACKING -> VISUAL_TRACKING  (YOLO confirmed the target)  priority=CAMERA
2026-08-12 13:20:48,333 INFO    station.fusion     STATE SEARCHING -> ACOUSTIC_DETECTED  (acoustic contact)  priority=ACOUSTIC
2026-08-12 13:20:48,333 INFO    station.fusion     STATE ACOUSTIC_DETECTED -> ACOUSTIC_TRACKING  (acoustic alarm confirmed)  priority=ACOUSTIC
2026-08-12 13:20:48,333 INFO    station.fusion     STATE SEARCHING -> ACOUSTIC_DETECTED  (acoustic contact)  priority=ACOUSTIC
2026-08-12 13:20:48,333 INFO    station.fusion     STATE ACOUSTIC_DETECTED -> ACOUSTIC_TRACKING  (acoustic alarm confirmed)  priority=ACOUSTIC
2026-08-12 13:20:48,333 INFO    station.fusion     STATE ACOUSTIC_TRACKING -> VISUAL_ACQUISITION  (acoustic confirmed; range unknown, acquiring anyway)  priority=ACOUSTIC
2026-08-12 13:20:50,294 INFO    station.fusion     STATE SEARCHING -> ACOUSTIC_DETECTED  (acoustic contact)  priority=ACOUSTIC
2026-08-12 13:20:50,294 INFO    station.fusion     STATE SEARCHING -> ACOUSTIC_DETECTED  (acoustic contact)  priority=ACOUSTIC
2026-08-12 13:20:50,294 INFO    station.fusion     STATE ACOUSTIC_DETECTED -> ACOUSTIC_TRACKING  (acoustic alarm confirmed)  priority=ACOUSTIC
2026-08-12 13:20:50,294 INFO    station.fusion     STATE ACOUSTIC_TRACKING -> VISUAL_TRACKING  (YOLO confirmed the target)  priority=CAMERA
2026-08-12 13:20:50,294 INFO    station.fusion     STATE SEARCHING -> ACOUSTIC_DETECTED  (acoustic contact)  priority=ACOUSTIC
2026-08-12 13:20:50,294 INFO    station.fusion     STATE ACOUSTIC_DETECTED -> ACOUSTIC_TRACKING  (acoustic alarm confirmed)  priority=ACOUSTIC
2026-08-12 13:20:50,294 INFO    station.fusion     STATE SEARCHING -> ACOUSTIC_DETECTED  (acoustic contact)  priority=ACOUSTIC
2026-08-12 13:20:50,294 INFO    station.fusion     STATE ACOUSTIC_DETECTED -> ACOUSTIC_TRACKING  (acoustic alarm confirmed)  priority=ACOUSTIC
2026-08-12 13:23:34,024 INFO    station.fusion     STATE SEARCHING -> ACOUSTIC_DETECTED  (acoustic contact)  priority=ACOUSTIC
2026-08-12 13:23:34,024 INFO    station.fusion     STATE ACOUSTIC_DETECTED -> ACOUSTIC_TRACKING  (acoustic alarm confirmed)  priority=ACOUSTIC
2026-08-12 13:23:34,032 INFO    station.fusion     STATE ACOUSTIC_TRACKING -> VISUAL_TRACKING  (YOLO confirmed the target)  priority=CAMERA
2026-08-12 13:23:34,034 INFO    station.fusion     STATE SEARCHING -> ACOUSTIC_DETECTED  (acoustic contact)  priority=ACOUSTIC
2026-08-12 13:23:34,034 INFO    station.fusion     STATE ACOUSTIC_DETECTED -> ACOUSTIC_TRACKING  (acoustic alarm confirmed)  priority=ACOUSTIC
2026-08-12 13:23:34,034 INFO    station.fusion     STATE ACOUSTIC_TRACKING -> VISUAL_TRACKING  (YOLO confirmed the target)  priority=CAMERA
2026-08-12 13:23:34,034 INFO    station.fusion     STATE VISUAL_TRACKING -> VISUAL_LOST_ACOUSTIC_TRACKING  (visual track lost, acoustic still holds the target)  priority=ACOUSTIC
2026-08-12 13:23:34,034 INFO    station.fusion     STATE VISUAL_LOST_ACOUSTIC_TRACKING -> VISUAL_ACQUISITION  (re-cueing camera from acoustic bearing)  priority=ACOUSTIC
2026-08-12 13:23:34,034 INFO    station.fusion     STATE VISUAL_ACQUISITION -> ACOUSTIC_TRACKING  (camera offline, reverting to acoustic)  priority=ACOUSTIC
2026-08-12 13:23:34,041 INFO    station.fusion     STATE SEARCHING -> ACOUSTIC_DETECTED  (acoustic contact)  priority=ACOUSTIC
2026-08-12 13:23:34,041 INFO    station.fusion     STATE ACOUSTIC_DETECTED -> ACOUSTIC_TRACKING  (acoustic alarm confirmed)  priority=ACOUSTIC
2026-08-12 13:23:34,091 INFO    station.fusion     STATE ACOUSTIC_TRACKING -> VISUAL_TRACKING  (YOLO confirmed the target)  priority=CAMERA
2026-08-12 13:23:34,394 INFO    station.fusion     STATE VISUAL_TRACKING -> VISUAL_LOST_ACOUSTIC_TRACKING  (visual track lost, acoustic still holds the target)  priority=ACOUSTIC
2026-08-12 13:23:34,394 INFO    station.fusion     STATE VISUAL_LOST_ACOUSTIC_TRACKING -> VISUAL_ACQUISITION  (re-cueing camera from acoustic bearing)  priority=ACOUSTIC
2026-08-12 13:23:34,394 INFO    station.fusion     STATE VISUAL_ACQUISITION -> ACOUSTIC_TRACKING  (target left camera range)  priority=ACOUSTIC
2026-08-12 13:23:34,477 INFO    station.fusion     STATE ACOUSTIC_TRACKING -> VISUAL_TRACKING  (YOLO confirmed the target)  priority=CAMERA
2026-08-12 13:23:34,516 INFO    station.fusion     STATE VISUAL_TRACKING -> VISUAL_LOST_ACOUSTIC_TRACKING  (visual track lost, acoustic still holds the target)  priority=ACOUSTIC
2026-08-12 13:23:34,516 INFO    station.fusion     STATE VISUAL_LOST_ACOUSTIC_TRACKING -> VISUAL_ACQUISITION  (re-cueing camera from acoustic bearing)  priority=ACOUSTIC
2026-08-12 13:23:34,516 INFO    station.fusion     STATE VISUAL_ACQUISITION -> ACOUSTIC_TRACKING  (target left camera range)  priority=ACOUSTIC
2026-08-12 13:23:34,560 INFO    station.fusion     STATE ACOUSTIC_TRACKING -> VISUAL_TRACKING  (YOLO confirmed the target)  priority=CAMERA
2026-08-12 13:23:34,893 INFO    station.fusion     STATE VISUAL_TRACKING -> VISUAL_LOST_ACOUSTIC_TRACKING  (visual track lost, acoustic still holds the target)  priority=ACOUSTIC
2026-08-12 13:23:34,893 INFO    station.fusion     STATE VISUAL_LOST_ACOUSTIC_TRACKING -> VISUAL_ACQUISITION  (re-cueing camera from acoustic bearing)  priority=ACOUSTIC
2026-08-12 13:23:34,893 INFO    station.fusion     STATE VISUAL_ACQUISITION -> ACOUSTIC_TRACKING  (target left camera range)  priority=ACOUSTIC
2026-08-12 13:23:34,959 INFO    station.fusion     STATE ACOUSTIC_TRACKING -> VISUAL_TRACKING  (YOLO confirmed the target)  priority=CAMERA
2026-08-12 13:23:35,000 INFO    station.fusion     STATE VISUAL_TRACKING -> VISUAL_LOST_ACOUSTIC_TRACKING  (visual track lost, acoustic still holds the target)  priority=ACOUSTIC
2026-08-12 13:23:35,000 INFO    station.fusion     STATE VISUAL_LOST_ACOUSTIC_TRACKING -> VISUAL_ACQUISITION  (re-cueing camera from acoustic bearing)  priority=ACOUSTIC
2026-08-12 13:23:35,000 INFO    station.fusion     STATE VISUAL_ACQUISITION -> ACOUSTIC_TRACKING  (target left camera range)  priority=ACOUSTIC
2026-08-12 13:23:35,042 INFO    station.fusion     STATE ACOUSTIC_TRACKING -> VISUAL_TRACKING  (YOLO confirmed the target)  priority=CAMERA
2026-08-12 13:23:35,359 INFO    station.fusion     STATE VISUAL_TRACKING -> VISUAL_LOST_ACOUSTIC_TRACKING  (visual track lost, acoustic still holds the target)  priority=ACOUSTIC
2026-08-12 13:23:35,376 INFO    station.fusion     STATE VISUAL_LOST_ACOUSTIC_TRACKING -> VISUAL_ACQUISITION  (re-cueing camera from acoustic bearing)  priority=ACOUSTIC
2026-08-12 13:23:35,376 INFO    station.fusion     STATE VISUAL_ACQUISITION -> ACOUSTIC_TRACKING  (target left camera range)  priority=ACOUSTIC
2026-08-12 13:23:35,449 INFO    station.fusion     STATE ACOUSTIC_TRACKING -> VISUAL_TRACKING  (YOLO confirmed the target)  priority=CAMERA
2026-08-12 13:23:35,476 INFO    station.fusion     STATE VISUAL_TRACKING -> VISUAL_LOST_ACOUSTIC_TRACKING  (visual track lost, acoustic still holds the target)  priority=ACOUSTIC
2026-08-12 13:23:35,476 INFO    station.fusion     STATE VISUAL_LOST_ACOUSTIC_TRACKING -> VISUAL_ACQUISITION  (re-cueing camera from acoustic bearing)  priority=ACOUSTIC
2026-08-12 13:23:35,492 INFO    station.fusion     STATE VISUAL_ACQUISITION -> ACOUSTIC_TRACKING  (target left camera range)  priority=ACOUSTIC
2026-08-12 13:23:35,541 INFO    station.fusion     STATE ACOUSTIC_TRACKING -> VISUAL_TRACKING  (YOLO confirmed the target)  priority=CAMERA
2026-08-12 13:23:35,860 INFO    station.fusion     STATE VISUAL_TRACKING -> VISUAL_LOST_ACOUSTIC_TRACKING  (visual track lost, acoustic still holds the target)  priority=ACOUSTIC
2026-08-12 13:23:35,860 INFO    station.fusion     STATE VISUAL_LOST_ACOUSTIC_TRACKING -> VISUAL_ACQUISITION  (re-cueing camera from acoustic bearing)  priority=ACOUSTIC
2026-08-12 13:23:35,860 INFO    station.fusion     STATE VISUAL_ACQUISITION -> ACOUSTIC_TRACKING  (target left camera range)  priority=ACOUSTIC
2026-08-12 13:23:35,932 INFO    station.fusion     STATE ACOUSTIC_TRACKING -> VISUAL_TRACKING  (YOLO confirmed the target)  priority=CAMERA
2026-08-12 13:23:35,960 INFO    station.fusion     STATE VISUAL_TRACKING -> VISUAL_LOST_ACOUSTIC_TRACKING  (visual track lost, acoustic still holds the target)  priority=ACOUSTIC
2026-08-12 13:23:35,960 INFO    station.fusion     STATE VISUAL_LOST_ACOUSTIC_TRACKING -> VISUAL_ACQUISITION  (re-cueing camera from acoustic bearing)  priority=ACOUSTIC
2026-08-12 13:23:35,960 INFO    station.fusion     STATE VISUAL_ACQUISITION -> ACOUSTIC_TRACKING  (target left camera range)  priority=ACOUSTIC
2026-08-12 13:23:36,017 INFO    station.fusion     STATE ACOUSTIC_TRACKING -> VISUAL_TRACKING  (YOLO confirmed the target)  priority=CAMERA
2026-08-12 13:23:36,327 INFO    station.fusion     STATE VISUAL_TRACKING -> VISUAL_LOST_ACOUSTIC_TRACKING  (visual track lost, acoustic still holds the target)  priority=ACOUSTIC
2026-08-12 13:23:36,342 INFO    station.fusion     STATE VISUAL_LOST_ACOUSTIC_TRACKING -> VISUAL_ACQUISITION  (re-cueing camera from acoustic bearing)  priority=ACOUSTIC
2026-08-12 13:23:36,343 INFO    station.fusion     STATE VISUAL_ACQUISITION -> ACOUSTIC_TRACKING  (target left camera range)  priority=ACOUSTIC
2026-08-12 13:23:36,410 INFO    station.fusion     STATE ACOUSTIC_TRACKING -> VISUAL_TRACKING  (YOLO confirmed the target)  priority=CAMERA
2026-08-12 13:23:36,443 INFO    station.fusion     STATE VISUAL_TRACKING -> VISUAL_LOST_ACOUSTIC_TRACKING  (visual track lost, acoustic still holds the target)  priority=ACOUSTIC
2026-08-12 13:23:36,459 INFO    station.fusion     STATE VISUAL_LOST_ACOUSTIC_TRACKING -> VISUAL_ACQUISITION  (re-cueing camera from acoustic bearing)  priority=ACOUSTIC
2026-08-12 13:23:36,459 INFO    station.fusion     STATE VISUAL_ACQUISITION -> ACOUSTIC_TRACKING  (target left camera range)  priority=ACOUSTIC
2026-08-12 13:23:36,524 INFO    station.fusion     STATE ACOUSTIC_TRACKING -> VISUAL_TRACKING  (YOLO confirmed the target)  priority=CAMERA
2026-08-12 13:23:36,841 INFO    station.fusion     STATE VISUAL_TRACKING -> VISUAL_LOST_ACOUSTIC_TRACKING  (visual track lost, acoustic still holds the target)  priority=ACOUSTIC
2026-08-12 13:23:36,841 INFO    station.fusion     STATE VISUAL_LOST_ACOUSTIC_TRACKING -> VISUAL_ACQUISITION  (re-cueing camera from acoustic bearing)  priority=ACOUSTIC
2026-08-12 13:23:36,841 INFO    station.fusion     STATE VISUAL_ACQUISITION -> ACOUSTIC_TRACKING  (target left camera range)  priority=ACOUSTIC
2026-08-12 13:23:36,910 INFO    station.fusion     STATE ACOUSTIC_TRACKING -> VISUAL_TRACKING  (YOLO confirmed the target)  priority=CAMERA
2026-08-12 13:23:36,942 INFO    station.fusion     STATE VISUAL_TRACKING -> VISUAL_LOST_ACOUSTIC_TRACKING  (visual track lost, acoustic still holds the target)  priority=ACOUSTIC
2026-08-12 13:23:36,942 INFO    station.fusion     STATE VISUAL_LOST_ACOUSTIC_TRACKING -> VISUAL_ACQUISITION  (re-cueing camera from acoustic bearing)  priority=ACOUSTIC
2026-08-12 13:23:36,942 INFO    station.fusion     STATE VISUAL_ACQUISITION -> ACOUSTIC_TRACKING  (target left camera range)  priority=ACOUSTIC
2026-08-12 13:23:36,996 INFO    station.fusion     STATE ACOUSTIC_TRACKING -> VISUAL_TRACKING  (YOLO confirmed the target)  priority=CAMERA
2026-08-12 13:23:37,318 INFO    station.fusion     STATE VISUAL_TRACKING -> VISUAL_LOST_ACOUSTIC_TRACKING  (visual track lost, acoustic still holds the target)  priority=ACOUSTIC
2026-08-12 13:23:37,318 INFO    station.fusion     STATE VISUAL_LOST_ACOUSTIC_TRACKING -> VISUAL_ACQUISITION  (re-cueing camera from acoustic bearing)  priority=ACOUSTIC
2026-08-12 13:23:37,318 INFO    station.fusion     STATE VISUAL_ACQUISITION -> ACOUSTIC_TRACKING  (target left camera range)  priority=ACOUSTIC
2026-08-12 13:23:37,391 INFO    station.fusion     STATE ACOUSTIC_TRACKING -> VISUAL_TRACKING  (YOLO confirmed the target)  priority=CAMERA
2026-08-12 13:23:37,425 INFO    station.fusion     STATE VISUAL_TRACKING -> VISUAL_LOST_ACOUSTIC_TRACKING  (visual track lost, acoustic still holds the target)  priority=ACOUSTIC
2026-08-12 13:23:37,425 INFO    station.fusion     STATE VISUAL_LOST_ACOUSTIC_TRACKING -> VISUAL_ACQUISITION  (re-cueing camera from acoustic bearing)  priority=ACOUSTIC
2026-08-12 13:23:37,425 INFO    station.fusion     STATE VISUAL_ACQUISITION -> ACOUSTIC_TRACKING  (target left camera range)  priority=ACOUSTIC
2026-08-12 13:23:37,475 INFO    station.fusion     STATE ACOUSTIC_TRACKING -> VISUAL_TRACKING  (YOLO confirmed the target)  priority=CAMERA
2026-08-12 13:23:37,810 INFO    station.fusion     STATE VISUAL_TRACKING -> VISUAL_LOST_ACOUSTIC_TRACKING  (visual track lost, acoustic still holds the target)  priority=ACOUSTIC
2026-08-12 13:23:37,810 INFO    station.fusion     STATE VISUAL_LOST_ACOUSTIC_TRACKING -> VISUAL_ACQUISITION  (re-cueing camera from acoustic bearing)  priority=ACOUSTIC
2026-08-12 13:23:37,810 INFO    station.fusion     STATE VISUAL_ACQUISITION -> ACOUSTIC_TRACKING  (target left camera range)  priority=ACOUSTIC
2026-08-12 13:23:37,876 INFO    station.fusion     STATE ACOUSTIC_TRACKING -> VISUAL_TRACKING  (YOLO confirmed the target)  priority=CAMERA
2026-08-12 13:23:37,910 INFO    station.fusion     STATE VISUAL_TRACKING -> VISUAL_LOST_ACOUSTIC_TRACKING  (visual track lost, acoustic still holds the target)  priority=ACOUSTIC
2026-08-12 13:23:37,910 INFO    station.fusion     STATE VISUAL_LOST_ACOUSTIC_TRACKING -> VISUAL_ACQUISITION  (re-cueing camera from acoustic bearing)  priority=ACOUSTIC
2026-08-12 13:23:37,910 INFO    station.fusion     STATE VISUAL_ACQUISITION -> ACOUSTIC_TRACKING  (target left camera range)  priority=ACOUSTIC
2026-08-12 13:23:37,959 INFO    station.fusion     STATE ACOUSTIC_TRACKING -> VISUAL_TRACKING  (YOLO confirmed the target)  priority=CAMERA
2026-08-12 13:23:38,276 INFO    station.fusion     STATE VISUAL_TRACKING -> VISUAL_LOST_ACOUSTIC_TRACKING  (visual track lost, acoustic still holds the target)  priority=ACOUSTIC
2026-08-12 13:23:38,276 INFO    station.fusion     STATE VISUAL_LOST_ACOUSTIC_TRACKING -> VISUAL_ACQUISITION  (re-cueing camera from acoustic bearing)  priority=ACOUSTIC
2026-08-12 13:23:38,276 INFO    station.fusion     STATE VISUAL_ACQUISITION -> ACOUSTIC_TRACKING  (target left camera range)  priority=ACOUSTIC
2026-08-12 13:23:38,359 INFO    station.fusion     STATE ACOUSTIC_TRACKING -> VISUAL_TRACKING  (YOLO confirmed the target)  priority=CAMERA
2026-08-12 13:23:38,392 INFO    station.fusion     STATE VISUAL_TRACKING -> VISUAL_LOST_ACOUSTIC_TRACKING  (visual track lost, acoustic still holds the target)  priority=ACOUSTIC
2026-08-12 13:23:38,392 INFO    station.fusion     STATE VISUAL_LOST_ACOUSTIC_TRACKING -> VISUAL_ACQUISITION  (re-cueing camera from acoustic bearing)  priority=ACOUSTIC
2026-08-12 13:23:38,392 INFO    station.fusion     STATE VISUAL_ACQUISITION -> ACOUSTIC_TRACKING  (target left camera range)  priority=ACOUSTIC
2026-08-12 13:23:38,449 INFO    station.fusion     STATE ACOUSTIC_TRACKING -> VISUAL_TRACKING  (YOLO confirmed the target)  priority=CAMERA
2026-08-12 13:23:38,782 INFO    station.fusion     STATE VISUAL_TRACKING -> VISUAL_LOST_ACOUSTIC_TRACKING  (visual track lost, acoustic still holds the target)  priority=ACOUSTIC
2026-08-12 13:23:38,782 INFO    station.fusion     STATE VISUAL_LOST_ACOUSTIC_TRACKING -> VISUAL_ACQUISITION  (re-cueing camera from acoustic bearing)  priority=ACOUSTIC
2026-08-12 13:23:38,782 INFO    station.fusion     STATE VISUAL_ACQUISITION -> ACOUSTIC_TRACKING  (target left camera range)  priority=ACOUSTIC
2026-08-12 13:23:38,859 INFO    station.fusion     STATE ACOUSTIC_TRACKING -> VISUAL_TRACKING  (YOLO confirmed the target)  priority=CAMERA
2026-08-12 13:23:38,891 INFO    station.fusion     STATE VISUAL_TRACKING -> VISUAL_LOST_ACOUSTIC_TRACKING  (visual track lost, acoustic still holds the target)  priority=ACOUSTIC
2026-08-12 13:23:38,891 INFO    station.fusion     STATE VISUAL_LOST_ACOUSTIC_TRACKING -> VISUAL_ACQUISITION  (re-cueing camera from acoustic bearing)  priority=ACOUSTIC
2026-08-12 13:23:38,891 INFO    station.fusion     STATE VISUAL_ACQUISITION -> ACOUSTIC_TRACKING  (target left camera range)  priority=ACOUSTIC
2026-08-12 13:23:38,942 INFO    station.fusion     STATE ACOUSTIC_TRACKING -> VISUAL_TRACKING  (YOLO confirmed the target)  priority=CAMERA
2026-08-12 13:23:39,267 INFO    station.fusion     STATE VISUAL_TRACKING -> VISUAL_LOST_ACOUSTIC_TRACKING  (visual track lost, acoustic still holds the target)  priority=ACOUSTIC
2026-08-12 13:23:39,274 INFO    station.fusion     STATE VISUAL_LOST_ACOUSTIC_TRACKING -> VISUAL_ACQUISITION  (re-cueing camera from acoustic bearing)  priority=ACOUSTIC
2026-08-12 13:23:39,274 INFO    station.fusion     STATE VISUAL_ACQUISITION -> ACOUSTIC_TRACKING  (target left camera range)  priority=ACOUSTIC
2026-08-12 13:23:39,343 INFO    station.fusion     STATE ACOUSTIC_TRACKING -> VISUAL_TRACKING  (YOLO confirmed the target)  priority=CAMERA
2026-08-12 13:23:39,393 INFO    station.fusion     STATE VISUAL_TRACKING -> VISUAL_LOST_ACOUSTIC_TRACKING  (visual track lost, acoustic still holds the target)  priority=ACOUSTIC
2026-08-12 13:23:39,393 INFO    station.fusion     STATE VISUAL_LOST_ACOUSTIC_TRACKING -> VISUAL_ACQUISITION  (re-cueing camera from acoustic bearing)  priority=ACOUSTIC
2026-08-12 13:23:39,393 INFO    station.fusion     STATE VISUAL_ACQUISITION -> ACOUSTIC_TRACKING  (target left camera range)  priority=ACOUSTIC
2026-08-12 13:23:39,443 INFO    station.fusion     STATE ACOUSTIC_TRACKING -> VISUAL_TRACKING  (YOLO confirmed the target)  priority=CAMERA
2026-08-12 13:23:39,790 INFO    station.fusion     STATE VISUAL_TRACKING -> VISUAL_LOST_ACOUSTIC_TRACKING  (visual track lost, acoustic still holds the target)  priority=ACOUSTIC
2026-08-12 13:23:39,790 INFO    station.fusion     STATE VISUAL_LOST_ACOUSTIC_TRACKING -> VISUAL_ACQUISITION  (re-cueing camera from acoustic bearing)  priority=ACOUSTIC
2026-08-12 13:23:39,790 INFO    station.fusion     STATE VISUAL_ACQUISITION -> ACOUSTIC_TRACKING  (target left camera range)  priority=ACOUSTIC
2026-08-12 13:23:39,858 INFO    station.fusion     STATE ACOUSTIC_TRACKING -> VISUAL_TRACKING  (YOLO confirmed the target)  priority=CAMERA
2026-08-12 13:23:39,893 INFO    station.fusion     STATE VISUAL_TRACKING -> VISUAL_LOST_ACOUSTIC_TRACKING  (visual track lost, acoustic still holds the target)  priority=ACOUSTIC
2026-08-12 13:23:39,893 INFO    station.fusion     STATE VISUAL_LOST_ACOUSTIC_TRACKING -> VISUAL_ACQUISITION  (re-cueing camera from acoustic bearing)  priority=ACOUSTIC
2026-08-12 13:23:39,893 INFO    station.fusion     STATE VISUAL_ACQUISITION -> ACOUSTIC_TRACKING  (target left camera range)  priority=ACOUSTIC
2026-08-12 13:23:39,942 INFO    station.fusion     STATE ACOUSTIC_TRACKING -> VISUAL_TRACKING  (YOLO confirmed the target)  priority=CAMERA
2026-08-12 13:23:40,242 INFO    station.fusion     STATE VISUAL_TRACKING -> VISUAL_LOST_ACOUSTIC_TRACKING  (visual track lost, acoustic still holds the target)  priority=ACOUSTIC
2026-08-12 13:23:40,257 INFO    station.fusion     STATE VISUAL_LOST_ACOUSTIC_TRACKING -> VISUAL_ACQUISITION  (re-cueing camera from acoustic bearing)  priority=ACOUSTIC
2026-08-12 13:23:40,257 INFO    station.fusion     STATE VISUAL_ACQUISITION -> ACOUSTIC_TRACKING  (target left camera range)  priority=ACOUSTIC
2026-08-12 13:23:40,325 INFO    station.fusion     STATE ACOUSTIC_TRACKING -> VISUAL_TRACKING  (YOLO confirmed the target)  priority=CAMERA
2026-08-12 13:23:40,358 INFO    station.fusion     STATE VISUAL_TRACKING -> VISUAL_LOST_ACOUSTIC_TRACKING  (visual track lost, acoustic still holds the target)  priority=ACOUSTIC
2026-08-12 13:23:40,373 INFO    station.fusion     STATE VISUAL_LOST_ACOUSTIC_TRACKING -> VISUAL_ACQUISITION  (re-cueing camera from acoustic bearing)  priority=ACOUSTIC
2026-08-12 13:23:40,375 INFO    station.fusion     STATE VISUAL_ACQUISITION -> ACOUSTIC_TRACKING  (target left camera range)  priority=ACOUSTIC
2026-08-12 13:23:40,425 INFO    station.fusion     STATE ACOUSTIC_TRACKING -> VISUAL_TRACKING  (YOLO confirmed the target)  priority=CAMERA
2026-08-12 13:23:40,748 INFO    station.fusion     STATE VISUAL_TRACKING -> VISUAL_LOST_ACOUSTIC_TRACKING  (visual track lost, acoustic still holds the target)  priority=ACOUSTIC
2026-08-12 13:23:40,748 INFO    station.fusion     STATE VISUAL_LOST_ACOUSTIC_TRACKING -> VISUAL_ACQUISITION  (re-cueing camera from acoustic bearing)  priority=ACOUSTIC
2026-08-12 13:23:40,748 INFO    station.fusion     STATE VISUAL_ACQUISITION -> ACOUSTIC_TRACKING  (target left camera range)  priority=ACOUSTIC
2026-08-12 13:23:40,826 INFO    station.fusion     STATE ACOUSTIC_TRACKING -> VISUAL_TRACKING  (YOLO confirmed the target)  priority=CAMERA
2026-08-12 13:23:40,842 INFO    station.fusion     STATE VISUAL_TRACKING -> VISUAL_LOST_ACOUSTIC_TRACKING  (visual track lost, acoustic still holds the target)  priority=ACOUSTIC
2026-08-12 13:23:40,842 INFO    station.fusion     STATE VISUAL_LOST_ACOUSTIC_TRACKING -> VISUAL_ACQUISITION  (re-cueing camera from acoustic bearing)  priority=ACOUSTIC
2026-08-12 13:23:40,857 INFO    station.fusion     STATE VISUAL_ACQUISITION -> ACOUSTIC_TRACKING  (target left camera range)  priority=ACOUSTIC
2026-08-12 13:23:40,907 INFO    station.fusion     STATE ACOUSTIC_TRACKING -> VISUAL_TRACKING  (YOLO confirmed the target)  priority=CAMERA
2026-08-12 13:23:41,224 INFO    station.fusion     STATE VISUAL_TRACKING -> VISUAL_LOST_ACOUSTIC_TRACKING  (visual track lost, acoustic still holds the target)  priority=ACOUSTIC
2026-08-12 13:23:41,231 INFO    station.fusion     STATE VISUAL_LOST_ACOUSTIC_TRACKING -> VISUAL_ACQUISITION  (re-cueing camera from acoustic bearing)  priority=ACOUSTIC
2026-08-12 13:23:41,231 INFO    station.fusion     STATE VISUAL_ACQUISITION -> ACOUSTIC_TRACKING  (target left camera range)  priority=ACOUSTIC
2026-08-12 13:23:41,310 INFO    station.fusion     STATE ACOUSTIC_TRACKING -> VISUAL_TRACKING  (YOLO confirmed the target)  priority=CAMERA
2026-08-12 13:23:41,341 INFO    station.fusion     STATE VISUAL_TRACKING -> VISUAL_LOST_ACOUSTIC_TRACKING  (visual track lost, acoustic still holds the target)  priority=ACOUSTIC
2026-08-12 13:23:41,341 INFO    station.fusion     STATE VISUAL_LOST_ACOUSTIC_TRACKING -> VISUAL_ACQUISITION  (re-cueing camera from acoustic bearing)  priority=ACOUSTIC
2026-08-12 13:23:41,341 INFO    station.fusion     STATE VISUAL_ACQUISITION -> ACOUSTIC_TRACKING  (target left camera range)  priority=ACOUSTIC
2026-08-12 13:23:41,391 INFO    station.fusion     STATE ACOUSTIC_TRACKING -> VISUAL_TRACKING  (YOLO confirmed the target)  priority=CAMERA
2026-08-12 13:23:41,725 INFO    station.fusion     STATE VISUAL_TRACKING -> VISUAL_LOST_ACOUSTIC_TRACKING  (visual track lost, acoustic still holds the target)  priority=ACOUSTIC
2026-08-12 13:23:41,725 INFO    station.fusion     STATE VISUAL_LOST_ACOUSTIC_TRACKING -> VISUAL_ACQUISITION  (re-cueing camera from acoustic bearing)  priority=ACOUSTIC
2026-08-12 13:23:41,725 INFO    station.fusion     STATE VISUAL_ACQUISITION -> ACOUSTIC_TRACKING  (target left camera range)  priority=ACOUSTIC
2026-08-12 13:23:41,798 INFO    station.fusion     STATE ACOUSTIC_TRACKING -> VISUAL_TRACKING  (YOLO confirmed the target)  priority=CAMERA
2026-08-12 13:23:41,824 INFO    station.fusion     STATE VISUAL_TRACKING -> VISUAL_LOST_ACOUSTIC_TRACKING  (visual track lost, acoustic still holds the target)  priority=ACOUSTIC
2026-08-12 13:23:41,824 INFO    station.fusion     STATE VISUAL_LOST_ACOUSTIC_TRACKING -> VISUAL_ACQUISITION  (re-cueing camera from acoustic bearing)  priority=ACOUSTIC
2026-08-12 13:23:41,824 INFO    station.fusion     STATE VISUAL_ACQUISITION -> ACOUSTIC_TRACKING  (target left camera range)  priority=ACOUSTIC
2026-08-12 13:23:41,876 INFO    station.fusion     STATE ACOUSTIC_TRACKING -> VISUAL_TRACKING  (YOLO confirmed the target)  priority=CAMERA
2026-08-12 13:23:42,174 INFO    station.fusion     STATE SEARCHING -> ACOUSTIC_DETECTED  (acoustic contact)  priority=ACOUSTIC
2026-08-12 13:23:42,174 INFO    station.fusion     STATE ACOUSTIC_DETECTED -> ACOUSTIC_TRACKING  (acoustic alarm confirmed)  priority=ACOUSTIC
2026-08-12 13:23:42,174 INFO    station.fusion     STATE SEARCHING -> ACOUSTIC_DETECTED  (acoustic contact)  priority=ACOUSTIC
2026-08-12 13:23:42,174 INFO    station.fusion     STATE ACOUSTIC_DETECTED -> ACOUSTIC_TRACKING  (acoustic alarm confirmed)  priority=ACOUSTIC
2026-08-12 13:23:42,174 INFO    station.fusion     STATE ACOUSTIC_TRACKING -> VISUAL_ACQUISITION  (acoustic confirmed; range unknown, acquiring anyway)  priority=ACOUSTIC
2026-08-12 13:23:44,236 INFO    station.fusion     STATE SEARCHING -> ACOUSTIC_DETECTED  (acoustic contact)  priority=ACOUSTIC
2026-08-12 13:23:44,236 INFO    station.fusion     STATE SEARCHING -> ACOUSTIC_DETECTED  (acoustic contact)  priority=ACOUSTIC
2026-08-12 13:23:44,236 INFO    station.fusion     STATE ACOUSTIC_DETECTED -> ACOUSTIC_TRACKING  (acoustic alarm confirmed)  priority=ACOUSTIC
2026-08-12 13:23:44,236 INFO    station.fusion     STATE ACOUSTIC_TRACKING -> VISUAL_TRACKING  (YOLO confirmed the target)  priority=CAMERA
2026-08-12 13:23:44,236 INFO    station.fusion     STATE SEARCHING -> ACOUSTIC_DETECTED  (acoustic contact)  priority=ACOUSTIC
2026-08-12 13:23:44,240 INFO    station.fusion     STATE ACOUSTIC_DETECTED -> ACOUSTIC_TRACKING  (acoustic alarm confirmed)  priority=ACOUSTIC
2026-08-12 13:23:44,240 INFO    station.fusion     STATE SEARCHING -> ACOUSTIC_DETECTED  (acoustic contact)  priority=ACOUSTIC
2026-08-12 13:23:44,240 INFO    station.fusion     STATE ACOUSTIC_DETECTED -> ACOUSTIC_TRACKING  (acoustic alarm confirmed)  priority=ACOUSTIC
2026-08-12 13:24:26,311 INFO    station.fusion     STATE SEARCHING -> ACOUSTIC_DETECTED  (acoustic contact)  priority=ACOUSTIC
2026-08-12 13:24:26,311 INFO    station.fusion     STATE ACOUSTIC_DETECTED -> ACOUSTIC_TRACKING  (acoustic alarm confirmed)  priority=ACOUSTIC
2026-08-12 13:24:26,311 INFO    station.fusion     STATE ACOUSTIC_TRACKING -> VISUAL_TRACKING  (YOLO confirmed the target)  priority=CAMERA
2026-08-12 13:24:26,319 INFO    station.fusion     STATE SEARCHING -> ACOUSTIC_DETECTED  (acoustic contact)  priority=ACOUSTIC
2026-08-12 13:24:26,319 INFO    station.fusion     STATE ACOUSTIC_DETECTED -> ACOUSTIC_TRACKING  (acoustic alarm confirmed)  priority=ACOUSTIC
2026-08-12 13:24:26,321 INFO    station.fusion     STATE ACOUSTIC_TRACKING -> VISUAL_TRACKING  (YOLO confirmed the target)  priority=CAMERA
2026-08-12 13:24:26,323 INFO    station.fusion     STATE VISUAL_TRACKING -> VISUAL_LOST_ACOUSTIC_TRACKING  (visual track lost, acoustic still holds the target)  priority=ACOUSTIC
2026-08-12 13:24:26,323 INFO    station.fusion     STATE VISUAL_LOST_ACOUSTIC_TRACKING -> VISUAL_ACQUISITION  (re-cueing camera from acoustic bearing)  priority=ACOUSTIC
2026-08-12 13:24:26,323 INFO    station.fusion     STATE VISUAL_ACQUISITION -> ACOUSTIC_TRACKING  (camera offline, reverting to acoustic)  priority=ACOUSTIC
2026-08-12 13:24:26,323 INFO    station.fusion     STATE SEARCHING -> ACOUSTIC_DETECTED  (acoustic contact)  priority=ACOUSTIC
2026-08-12 13:24:26,323 INFO    station.fusion     STATE ACOUSTIC_DETECTED -> ACOUSTIC_TRACKING  (acoustic alarm confirmed)  priority=ACOUSTIC
2026-08-12 13:24:26,371 INFO    station.fusion     STATE ACOUSTIC_TRACKING -> VISUAL_TRACKING  (YOLO confirmed the target)  priority=CAMERA
2026-08-12 13:24:26,688 INFO    station.fusion     STATE VISUAL_TRACKING -> VISUAL_LOST_ACOUSTIC_TRACKING  (visual track lost, acoustic still holds the target)  priority=ACOUSTIC
2026-08-12 13:24:26,688 INFO    station.fusion     STATE VISUAL_LOST_ACOUSTIC_TRACKING -> VISUAL_ACQUISITION  (re-cueing camera from acoustic bearing)  priority=ACOUSTIC
2026-08-12 13:24:26,688 INFO    station.fusion     STATE VISUAL_ACQUISITION -> ACOUSTIC_TRACKING  (target left camera range)  priority=ACOUSTIC
2026-08-12 13:24:26,754 INFO    station.fusion     STATE ACOUSTIC_TRACKING -> VISUAL_TRACKING  (YOLO confirmed the target)  priority=CAMERA
2026-08-12 13:24:26,806 INFO    station.fusion     STATE VISUAL_TRACKING -> VISUAL_LOST_ACOUSTIC_TRACKING  (visual track lost, acoustic still holds the target)  priority=ACOUSTIC
2026-08-12 13:24:26,806 INFO    station.fusion     STATE VISUAL_LOST_ACOUSTIC_TRACKING -> VISUAL_ACQUISITION  (re-cueing camera from acoustic bearing)  priority=ACOUSTIC
2026-08-12 13:24:26,806 INFO    station.fusion     STATE VISUAL_ACQUISITION -> ACOUSTIC_TRACKING  (target left camera range)  priority=ACOUSTIC
2026-08-12 13:24:26,855 INFO    station.fusion     STATE ACOUSTIC_TRACKING -> VISUAL_TRACKING  (YOLO confirmed the target)  priority=CAMERA
2026-08-12 13:24:27,170 INFO    station.fusion     STATE VISUAL_TRACKING -> VISUAL_LOST_ACOUSTIC_TRACKING  (visual track lost, acoustic still holds the target)  priority=ACOUSTIC
2026-08-12 13:24:27,170 INFO    station.fusion     STATE VISUAL_LOST_ACOUSTIC_TRACKING -> VISUAL_ACQUISITION  (re-cueing camera from acoustic bearing)  priority=ACOUSTIC
2026-08-12 13:24:27,170 INFO    station.fusion     STATE VISUAL_ACQUISITION -> ACOUSTIC_TRACKING  (target left camera range)  priority=ACOUSTIC
2026-08-12 13:24:27,237 INFO    station.fusion     STATE ACOUSTIC_TRACKING -> VISUAL_TRACKING  (YOLO confirmed the target)  priority=CAMERA
2026-08-12 13:24:27,270 INFO    station.fusion     STATE VISUAL_TRACKING -> VISUAL_LOST_ACOUSTIC_TRACKING  (visual track lost, acoustic still holds the target)  priority=ACOUSTIC
2026-08-12 13:24:27,270 INFO    station.fusion     STATE VISUAL_LOST_ACOUSTIC_TRACKING -> VISUAL_ACQUISITION  (re-cueing camera from acoustic bearing)  priority=ACOUSTIC
2026-08-12 13:24:27,270 INFO    station.fusion     STATE VISUAL_ACQUISITION -> ACOUSTIC_TRACKING  (target left camera range)  priority=ACOUSTIC
2026-08-12 13:24:27,329 INFO    station.fusion     STATE ACOUSTIC_TRACKING -> VISUAL_TRACKING  (YOLO confirmed the target)  priority=CAMERA
2026-08-12 13:24:27,637 INFO    station.fusion     STATE VISUAL_TRACKING -> VISUAL_LOST_ACOUSTIC_TRACKING  (visual track lost, acoustic still holds the target)  priority=ACOUSTIC
2026-08-12 13:24:27,653 INFO    station.fusion     STATE VISUAL_LOST_ACOUSTIC_TRACKING -> VISUAL_ACQUISITION  (re-cueing camera from acoustic bearing)  priority=ACOUSTIC
2026-08-12 13:24:27,653 INFO    station.fusion     STATE VISUAL_ACQUISITION -> ACOUSTIC_TRACKING  (target left camera range)  priority=ACOUSTIC
2026-08-12 13:24:27,727 INFO    station.fusion     STATE ACOUSTIC_TRACKING -> VISUAL_TRACKING  (YOLO confirmed the target)  priority=CAMERA
2026-08-12 13:24:27,768 INFO    station.fusion     STATE VISUAL_TRACKING -> VISUAL_LOST_ACOUSTIC_TRACKING  (visual track lost, acoustic still holds the target)  priority=ACOUSTIC
2026-08-12 13:24:27,768 INFO    station.fusion     STATE VISUAL_LOST_ACOUSTIC_TRACKING -> VISUAL_ACQUISITION  (re-cueing camera from acoustic bearing)  priority=ACOUSTIC
2026-08-12 13:24:27,768 INFO    station.fusion     STATE VISUAL_ACQUISITION -> ACOUSTIC_TRACKING  (target left camera range)  priority=ACOUSTIC
2026-08-12 13:24:27,818 INFO    station.fusion     STATE ACOUSTIC_TRACKING -> VISUAL_TRACKING  (YOLO confirmed the target)  priority=CAMERA
2026-08-12 13:24:28,137 INFO    station.fusion     STATE VISUAL_TRACKING -> VISUAL_LOST_ACOUSTIC_TRACKING  (visual track lost, acoustic still holds the target)  priority=ACOUSTIC
2026-08-12 13:24:28,137 INFO    station.fusion     STATE VISUAL_LOST_ACOUSTIC_TRACKING -> VISUAL_ACQUISITION  (re-cueing camera from acoustic bearing)  priority=ACOUSTIC
2026-08-12 13:24:28,137 INFO    station.fusion     STATE VISUAL_ACQUISITION -> ACOUSTIC_TRACKING  (target left camera range)  priority=ACOUSTIC
2026-08-12 13:24:28,204 INFO    station.fusion     STATE ACOUSTIC_TRACKING -> VISUAL_TRACKING  (YOLO confirmed the target)  priority=CAMERA
2026-08-12 13:24:28,237 INFO    station.fusion     STATE VISUAL_TRACKING -> VISUAL_LOST_ACOUSTIC_TRACKING  (visual track lost, acoustic still holds the target)  priority=ACOUSTIC
2026-08-12 13:24:28,237 INFO    station.fusion     STATE VISUAL_LOST_ACOUSTIC_TRACKING -> VISUAL_ACQUISITION  (re-cueing camera from acoustic bearing)  priority=ACOUSTIC
2026-08-12 13:24:28,237 INFO    station.fusion     STATE VISUAL_ACQUISITION -> ACOUSTIC_TRACKING  (target left camera range)  priority=ACOUSTIC
2026-08-12 13:24:28,287 INFO    station.fusion     STATE ACOUSTIC_TRACKING -> VISUAL_TRACKING  (YOLO confirmed the target)  priority=CAMERA
2026-08-12 13:24:28,604 INFO    station.fusion     STATE VISUAL_TRACKING -> VISUAL_LOST_ACOUSTIC_TRACKING  (visual track lost, acoustic still holds the target)  priority=ACOUSTIC
2026-08-12 13:24:28,604 INFO    station.fusion     STATE VISUAL_LOST_ACOUSTIC_TRACKING -> VISUAL_ACQUISITION  (re-cueing camera from acoustic bearing)  priority=ACOUSTIC
2026-08-12 13:24:28,604 INFO    station.fusion     STATE VISUAL_ACQUISITION -> ACOUSTIC_TRACKING  (target left camera range)  priority=ACOUSTIC
2026-08-12 13:24:28,688 INFO    station.fusion     STATE ACOUSTIC_TRACKING -> VISUAL_TRACKING  (YOLO confirmed the target)  priority=CAMERA
2026-08-12 13:24:28,721 INFO    station.fusion     STATE VISUAL_TRACKING -> VISUAL_LOST_ACOUSTIC_TRACKING  (visual track lost, acoustic still holds the target)  priority=ACOUSTIC
2026-08-12 13:24:28,721 INFO    station.fusion     STATE VISUAL_LOST_ACOUSTIC_TRACKING -> VISUAL_ACQUISITION  (re-cueing camera from acoustic bearing)  priority=ACOUSTIC
2026-08-12 13:24:28,721 INFO    station.fusion     STATE VISUAL_ACQUISITION -> ACOUSTIC_TRACKING  (target left camera range)  priority=ACOUSTIC
2026-08-12 13:24:28,786 INFO    station.fusion     STATE ACOUSTIC_TRACKING -> VISUAL_TRACKING  (YOLO confirmed the target)  priority=CAMERA
2026-08-12 13:24:29,103 INFO    station.fusion     STATE VISUAL_TRACKING -> VISUAL_LOST_ACOUSTIC_TRACKING  (visual track lost, acoustic still holds the target)  priority=ACOUSTIC
2026-08-12 13:24:29,103 INFO    station.fusion     STATE VISUAL_LOST_ACOUSTIC_TRACKING -> VISUAL_ACQUISITION  (re-cueing camera from acoustic bearing)  priority=ACOUSTIC
2026-08-12 13:24:29,119 INFO    station.fusion     STATE VISUAL_ACQUISITION -> ACOUSTIC_TRACKING  (target left camera range)  priority=ACOUSTIC
2026-08-12 13:24:29,192 INFO    station.fusion     STATE ACOUSTIC_TRACKING -> VISUAL_TRACKING  (YOLO confirmed the target)  priority=CAMERA
2026-08-12 13:24:29,219 INFO    station.fusion     STATE VISUAL_TRACKING -> VISUAL_LOST_ACOUSTIC_TRACKING  (visual track lost, acoustic still holds the target)  priority=ACOUSTIC
2026-08-12 13:24:29,219 INFO    station.fusion     STATE VISUAL_LOST_ACOUSTIC_TRACKING -> VISUAL_ACQUISITION  (re-cueing camera from acoustic bearing)  priority=ACOUSTIC
2026-08-12 13:24:29,219 INFO    station.fusion     STATE VISUAL_ACQUISITION -> ACOUSTIC_TRACKING  (target left camera range)  priority=ACOUSTIC
2026-08-12 13:24:29,270 INFO    station.fusion     STATE ACOUSTIC_TRACKING -> VISUAL_TRACKING  (YOLO confirmed the target)  priority=CAMERA
2026-08-12 13:24:29,587 INFO    station.fusion     STATE VISUAL_TRACKING -> VISUAL_LOST_ACOUSTIC_TRACKING  (visual track lost, acoustic still holds the target)  priority=ACOUSTIC
2026-08-12 13:24:29,604 INFO    station.fusion     STATE VISUAL_LOST_ACOUSTIC_TRACKING -> VISUAL_ACQUISITION  (re-cueing camera from acoustic bearing)  priority=ACOUSTIC
2026-08-12 13:24:29,604 INFO    station.fusion     STATE VISUAL_ACQUISITION -> ACOUSTIC_TRACKING  (target left camera range)  priority=ACOUSTIC
2026-08-12 13:24:29,670 INFO    station.fusion     STATE ACOUSTIC_TRACKING -> VISUAL_TRACKING  (YOLO confirmed the target)  priority=CAMERA
2026-08-12 13:24:29,703 INFO    station.fusion     STATE VISUAL_TRACKING -> VISUAL_LOST_ACOUSTIC_TRACKING  (visual track lost, acoustic still holds the target)  priority=ACOUSTIC
2026-08-12 13:24:29,720 INFO    station.fusion     STATE VISUAL_LOST_ACOUSTIC_TRACKING -> VISUAL_ACQUISITION  (re-cueing camera from acoustic bearing)  priority=ACOUSTIC
2026-08-12 13:24:29,720 INFO    station.fusion     STATE VISUAL_ACQUISITION -> ACOUSTIC_TRACKING  (target left camera range)  priority=ACOUSTIC
2026-08-12 13:24:29,769 INFO    station.fusion     STATE ACOUSTIC_TRACKING -> VISUAL_TRACKING  (YOLO confirmed the target)  priority=CAMERA
2026-08-12 13:24:30,102 INFO    station.fusion     STATE VISUAL_TRACKING -> VISUAL_LOST_ACOUSTIC_TRACKING  (visual track lost, acoustic still holds the target)  priority=ACOUSTIC
2026-08-12 13:24:30,102 INFO    station.fusion     STATE VISUAL_LOST_ACOUSTIC_TRACKING -> VISUAL_ACQUISITION  (re-cueing camera from acoustic bearing)  priority=ACOUSTIC
2026-08-12 13:24:30,102 INFO    station.fusion     STATE VISUAL_ACQUISITION -> ACOUSTIC_TRACKING  (target left camera range)  priority=ACOUSTIC
2026-08-12 13:24:30,170 INFO    station.fusion     STATE ACOUSTIC_TRACKING -> VISUAL_TRACKING  (YOLO confirmed the target)  priority=CAMERA
2026-08-12 13:24:30,203 INFO    station.fusion     STATE VISUAL_TRACKING -> VISUAL_LOST_ACOUSTIC_TRACKING  (visual track lost, acoustic still holds the target)  priority=ACOUSTIC
2026-08-12 13:24:30,203 INFO    station.fusion     STATE VISUAL_LOST_ACOUSTIC_TRACKING -> VISUAL_ACQUISITION  (re-cueing camera from acoustic bearing)  priority=ACOUSTIC
2026-08-12 13:24:30,203 INFO    station.fusion     STATE VISUAL_ACQUISITION -> ACOUSTIC_TRACKING  (target left camera range)  priority=ACOUSTIC
2026-08-12 13:24:30,259 INFO    station.fusion     STATE ACOUSTIC_TRACKING -> VISUAL_TRACKING  (YOLO confirmed the target)  priority=CAMERA
2026-08-12 13:24:30,587 INFO    station.fusion     STATE VISUAL_TRACKING -> VISUAL_LOST_ACOUSTIC_TRACKING  (visual track lost, acoustic still holds the target)  priority=ACOUSTIC
2026-08-12 13:24:30,587 INFO    station.fusion     STATE VISUAL_LOST_ACOUSTIC_TRACKING -> VISUAL_ACQUISITION  (re-cueing camera from acoustic bearing)  priority=ACOUSTIC
2026-08-12 13:24:30,587 INFO    station.fusion     STATE VISUAL_ACQUISITION -> ACOUSTIC_TRACKING  (target left camera range)  priority=ACOUSTIC
2026-08-12 13:24:30,668 INFO    station.fusion     STATE ACOUSTIC_TRACKING -> VISUAL_TRACKING  (YOLO confirmed the target)  priority=CAMERA
2026-08-12 13:24:30,703 INFO    station.fusion     STATE VISUAL_TRACKING -> VISUAL_LOST_ACOUSTIC_TRACKING  (visual track lost, acoustic still holds the target)  priority=ACOUSTIC
2026-08-12 13:24:30,703 INFO    station.fusion     STATE VISUAL_LOST_ACOUSTIC_TRACKING -> VISUAL_ACQUISITION  (re-cueing camera from acoustic bearing)  priority=ACOUSTIC
2026-08-12 13:24:30,703 INFO    station.fusion     STATE VISUAL_ACQUISITION -> ACOUSTIC_TRACKING  (target left camera range)  priority=ACOUSTIC
2026-08-12 13:24:30,754 INFO    station.fusion     STATE ACOUSTIC_TRACKING -> VISUAL_TRACKING  (YOLO confirmed the target)  priority=CAMERA
2026-08-12 13:24:31,086 INFO    station.fusion     STATE VISUAL_TRACKING -> VISUAL_LOST_ACOUSTIC_TRACKING  (visual track lost, acoustic still holds the target)  priority=ACOUSTIC
2026-08-12 13:24:31,086 INFO    station.fusion     STATE VISUAL_LOST_ACOUSTIC_TRACKING -> VISUAL_ACQUISITION  (re-cueing camera from acoustic bearing)  priority=ACOUSTIC
2026-08-12 13:24:31,086 INFO    station.fusion     STATE VISUAL_ACQUISITION -> ACOUSTIC_TRACKING  (target left camera range)  priority=ACOUSTIC
2026-08-12 13:24:31,154 INFO    station.fusion     STATE ACOUSTIC_TRACKING -> VISUAL_TRACKING  (YOLO confirmed the target)  priority=CAMERA
2026-08-12 13:24:31,186 INFO    station.fusion     STATE VISUAL_TRACKING -> VISUAL_LOST_ACOUSTIC_TRACKING  (visual track lost, acoustic still holds the target)  priority=ACOUSTIC
2026-08-12 13:24:31,186 INFO    station.fusion     STATE VISUAL_LOST_ACOUSTIC_TRACKING -> VISUAL_ACQUISITION  (re-cueing camera from acoustic bearing)  priority=ACOUSTIC
2026-08-12 13:24:31,192 INFO    station.fusion     STATE VISUAL_ACQUISITION -> ACOUSTIC_TRACKING  (target left camera range)  priority=ACOUSTIC
2026-08-12 13:24:31,243 INFO    station.fusion     STATE ACOUSTIC_TRACKING -> VISUAL_TRACKING  (YOLO confirmed the target)  priority=CAMERA
2026-08-12 13:24:31,554 INFO    station.fusion     STATE VISUAL_TRACKING -> VISUAL_LOST_ACOUSTIC_TRACKING  (visual track lost, acoustic still holds the target)  priority=ACOUSTIC
2026-08-12 13:24:31,554 INFO    station.fusion     STATE VISUAL_LOST_ACOUSTIC_TRACKING -> VISUAL_ACQUISITION  (re-cueing camera from acoustic bearing)  priority=ACOUSTIC
2026-08-12 13:24:31,568 INFO    station.fusion     STATE VISUAL_ACQUISITION -> ACOUSTIC_TRACKING  (target left camera range)  priority=ACOUSTIC
2026-08-12 13:24:31,637 INFO    station.fusion     STATE ACOUSTIC_TRACKING -> VISUAL_TRACKING  (YOLO confirmed the target)  priority=CAMERA
2026-08-12 13:24:31,671 INFO    station.fusion     STATE VISUAL_TRACKING -> VISUAL_LOST_ACOUSTIC_TRACKING  (visual track lost, acoustic still holds the target)  priority=ACOUSTIC
2026-08-12 13:24:31,671 INFO    station.fusion     STATE VISUAL_LOST_ACOUSTIC_TRACKING -> VISUAL_ACQUISITION  (re-cueing camera from acoustic bearing)  priority=ACOUSTIC
2026-08-12 13:24:31,671 INFO    station.fusion     STATE VISUAL_ACQUISITION -> ACOUSTIC_TRACKING  (target left camera range)  priority=ACOUSTIC
2026-08-12 13:24:31,737 INFO    station.fusion     STATE ACOUSTIC_TRACKING -> VISUAL_TRACKING  (YOLO confirmed the target)  priority=CAMERA
2026-08-12 13:24:32,058 INFO    station.fusion     STATE VISUAL_TRACKING -> VISUAL_LOST_ACOUSTIC_TRACKING  (visual track lost, acoustic still holds the target)  priority=ACOUSTIC
2026-08-12 13:24:32,069 INFO    station.fusion     STATE VISUAL_LOST_ACOUSTIC_TRACKING -> VISUAL_ACQUISITION  (re-cueing camera from acoustic bearing)  priority=ACOUSTIC
2026-08-12 13:24:32,069 INFO    station.fusion     STATE VISUAL_ACQUISITION -> ACOUSTIC_TRACKING  (target left camera range)  priority=ACOUSTIC
2026-08-12 13:24:32,136 INFO    station.fusion     STATE ACOUSTIC_TRACKING -> VISUAL_TRACKING  (YOLO confirmed the target)  priority=CAMERA
2026-08-12 13:24:32,169 INFO    station.fusion     STATE VISUAL_TRACKING -> VISUAL_LOST_ACOUSTIC_TRACKING  (visual track lost, acoustic still holds the target)  priority=ACOUSTIC
2026-08-12 13:24:32,169 INFO    station.fusion     STATE VISUAL_LOST_ACOUSTIC_TRACKING -> VISUAL_ACQUISITION  (re-cueing camera from acoustic bearing)  priority=ACOUSTIC
2026-08-12 13:24:32,169 INFO    station.fusion     STATE VISUAL_ACQUISITION -> ACOUSTIC_TRACKING  (target left camera range)  priority=ACOUSTIC
2026-08-12 13:24:32,219 INFO    station.fusion     STATE ACOUSTIC_TRACKING -> VISUAL_TRACKING  (YOLO confirmed the target)  priority=CAMERA
2026-08-12 13:24:32,543 INFO    station.fusion     STATE VISUAL_TRACKING -> VISUAL_LOST_ACOUSTIC_TRACKING  (visual track lost, acoustic still holds the target)  priority=ACOUSTIC
2026-08-12 13:24:32,552 INFO    station.fusion     STATE VISUAL_LOST_ACOUSTIC_TRACKING -> VISUAL_ACQUISITION  (re-cueing camera from acoustic bearing)  priority=ACOUSTIC
2026-08-12 13:24:32,552 INFO    station.fusion     STATE VISUAL_ACQUISITION -> ACOUSTIC_TRACKING  (target left camera range)  priority=ACOUSTIC
2026-08-12 13:24:32,620 INFO    station.fusion     STATE ACOUSTIC_TRACKING -> VISUAL_TRACKING  (YOLO confirmed the target)  priority=CAMERA
2026-08-12 13:24:32,658 INFO    station.fusion     STATE VISUAL_TRACKING -> VISUAL_LOST_ACOUSTIC_TRACKING  (visual track lost, acoustic still holds the target)  priority=ACOUSTIC
2026-08-12 13:24:32,668 INFO    station.fusion     STATE VISUAL_LOST_ACOUSTIC_TRACKING -> VISUAL_ACQUISITION  (re-cueing camera from acoustic bearing)  priority=ACOUSTIC
2026-08-12 13:24:32,669 INFO    station.fusion     STATE VISUAL_ACQUISITION -> ACOUSTIC_TRACKING  (target left camera range)  priority=ACOUSTIC
2026-08-12 13:24:32,719 INFO    station.fusion     STATE ACOUSTIC_TRACKING -> VISUAL_TRACKING  (YOLO confirmed the target)  priority=CAMERA
2026-08-12 13:24:33,052 INFO    station.fusion     STATE VISUAL_TRACKING -> VISUAL_LOST_ACOUSTIC_TRACKING  (visual track lost, acoustic still holds the target)  priority=ACOUSTIC
2026-08-12 13:24:33,052 INFO    station.fusion     STATE VISUAL_LOST_ACOUSTIC_TRACKING -> VISUAL_ACQUISITION  (re-cueing camera from acoustic bearing)  priority=ACOUSTIC
2026-08-12 13:24:33,052 INFO    station.fusion     STATE VISUAL_ACQUISITION -> ACOUSTIC_TRACKING  (target left camera range)  priority=ACOUSTIC
2026-08-12 13:24:33,119 INFO    station.fusion     STATE ACOUSTIC_TRACKING -> VISUAL_TRACKING  (YOLO confirmed the target)  priority=CAMERA
2026-08-12 13:24:33,152 INFO    station.fusion     STATE VISUAL_TRACKING -> VISUAL_LOST_ACOUSTIC_TRACKING  (visual track lost, acoustic still holds the target)  priority=ACOUSTIC
2026-08-12 13:24:33,152 INFO    station.fusion     STATE VISUAL_LOST_ACOUSTIC_TRACKING -> VISUAL_ACQUISITION  (re-cueing camera from acoustic bearing)  priority=ACOUSTIC
2026-08-12 13:24:33,152 INFO    station.fusion     STATE VISUAL_ACQUISITION -> ACOUSTIC_TRACKING  (target left camera range)  priority=ACOUSTIC
2026-08-12 13:24:33,203 INFO    station.fusion     STATE ACOUSTIC_TRACKING -> VISUAL_TRACKING  (YOLO confirmed the target)  priority=CAMERA
2026-08-12 13:24:33,528 INFO    station.fusion     STATE VISUAL_TRACKING -> VISUAL_LOST_ACOUSTIC_TRACKING  (visual track lost, acoustic still holds the target)  priority=ACOUSTIC
2026-08-12 13:24:33,535 INFO    station.fusion     STATE VISUAL_LOST_ACOUSTIC_TRACKING -> VISUAL_ACQUISITION  (re-cueing camera from acoustic bearing)  priority=ACOUSTIC
2026-08-12 13:24:33,535 INFO    station.fusion     STATE VISUAL_ACQUISITION -> ACOUSTIC_TRACKING  (target left camera range)  priority=ACOUSTIC
2026-08-12 13:24:33,604 INFO    station.fusion     STATE ACOUSTIC_TRACKING -> VISUAL_TRACKING  (YOLO confirmed the target)  priority=CAMERA
2026-08-12 13:24:33,637 INFO    station.fusion     STATE VISUAL_TRACKING -> VISUAL_LOST_ACOUSTIC_TRACKING  (visual track lost, acoustic still holds the target)  priority=ACOUSTIC
2026-08-12 13:24:33,637 INFO    station.fusion     STATE VISUAL_LOST_ACOUSTIC_TRACKING -> VISUAL_ACQUISITION  (re-cueing camera from acoustic bearing)  priority=ACOUSTIC
2026-08-12 13:24:33,651 INFO    station.fusion     STATE VISUAL_ACQUISITION -> ACOUSTIC_TRACKING  (target left camera range)  priority=ACOUSTIC
2026-08-12 13:24:33,702 INFO    station.fusion     STATE ACOUSTIC_TRACKING -> VISUAL_TRACKING  (YOLO confirmed the target)  priority=CAMERA
2026-08-12 13:24:34,037 INFO    station.fusion     STATE VISUAL_TRACKING -> VISUAL_LOST_ACOUSTIC_TRACKING  (visual track lost, acoustic still holds the target)  priority=ACOUSTIC
2026-08-12 13:24:34,037 INFO    station.fusion     STATE VISUAL_LOST_ACOUSTIC_TRACKING -> VISUAL_ACQUISITION  (re-cueing camera from acoustic bearing)  priority=ACOUSTIC
2026-08-12 13:24:34,037 INFO    station.fusion     STATE VISUAL_ACQUISITION -> ACOUSTIC_TRACKING  (target left camera range)  priority=ACOUSTIC
2026-08-12 13:24:34,108 INFO    station.fusion     STATE ACOUSTIC_TRACKING -> VISUAL_TRACKING  (YOLO confirmed the target)  priority=CAMERA
2026-08-12 13:24:34,136 INFO    station.fusion     STATE VISUAL_TRACKING -> VISUAL_LOST_ACOUSTIC_TRACKING  (visual track lost, acoustic still holds the target)  priority=ACOUSTIC
2026-08-12 13:24:34,136 INFO    station.fusion     STATE VISUAL_LOST_ACOUSTIC_TRACKING -> VISUAL_ACQUISITION  (re-cueing camera from acoustic bearing)  priority=ACOUSTIC
2026-08-12 13:24:34,136 INFO    station.fusion     STATE VISUAL_ACQUISITION -> ACOUSTIC_TRACKING  (target left camera range)  priority=ACOUSTIC
2026-08-12 13:24:34,186 INFO    station.fusion     STATE ACOUSTIC_TRACKING -> VISUAL_TRACKING  (YOLO confirmed the target)  priority=CAMERA
2026-08-12 13:24:34,492 INFO    station.fusion     STATE SEARCHING -> ACOUSTIC_DETECTED  (acoustic contact)  priority=ACOUSTIC
2026-08-12 13:24:34,492 INFO    station.fusion     STATE ACOUSTIC_DETECTED -> ACOUSTIC_TRACKING  (acoustic alarm confirmed)  priority=ACOUSTIC
2026-08-12 13:24:34,492 INFO    station.fusion     STATE SEARCHING -> ACOUSTIC_DETECTED  (acoustic contact)  priority=ACOUSTIC
2026-08-12 13:24:34,492 INFO    station.fusion     STATE ACOUSTIC_DETECTED -> ACOUSTIC_TRACKING  (acoustic alarm confirmed)  priority=ACOUSTIC
2026-08-12 13:24:34,492 INFO    station.fusion     STATE ACOUSTIC_TRACKING -> VISUAL_ACQUISITION  (acoustic confirmed; range unknown, acquiring anyway)  priority=ACOUSTIC
2026-08-12 13:24:36,508 INFO    station.fusion     STATE SEARCHING -> ACOUSTIC_DETECTED  (acoustic contact)  priority=ACOUSTIC
2026-08-12 13:24:36,508 INFO    station.fusion     STATE SEARCHING -> ACOUSTIC_DETECTED  (acoustic contact)  priority=ACOUSTIC
2026-08-12 13:24:36,508 INFO    station.fusion     STATE ACOUSTIC_DETECTED -> ACOUSTIC_TRACKING  (acoustic alarm confirmed)  priority=ACOUSTIC
2026-08-12 13:24:36,508 INFO    station.fusion     STATE ACOUSTIC_TRACKING -> VISUAL_TRACKING  (YOLO confirmed the target)  priority=CAMERA
2026-08-12 13:24:36,508 INFO    station.fusion     STATE SEARCHING -> ACOUSTIC_DETECTED  (acoustic contact)  priority=ACOUSTIC
2026-08-12 13:24:36,508 INFO    station.fusion     STATE ACOUSTIC_DETECTED -> ACOUSTIC_TRACKING  (acoustic alarm confirmed)  priority=ACOUSTIC
2026-08-12 13:24:36,508 INFO    station.fusion     STATE ACOUSTIC_TRACKING -> VISUAL_TRACKING  (YOLO confirmed the target)  priority=CAMERA
2026-08-12 13:24:36,508 INFO    station.fusion     STATE VISUAL_TRACKING -> VISUAL_LOST_ACOUSTIC_TRACKING  (visual track lost, acoustic still holds the target)  priority=ACOUSTIC
2026-08-12 13:24:36,508 INFO    station.fusion     STATE SEARCHING -> ACOUSTIC_DETECTED  (acoustic contact)  priority=ACOUSTIC
2026-08-12 13:24:36,508 INFO    station.fusion     STATE ACOUSTIC_DETECTED -> ACOUSTIC_TRACKING  (acoustic alarm confirmed)  priority=ACOUSTIC
2026-08-12 13:24:36,508 INFO    station.fusion     STATE SEARCHING -> ACOUSTIC_DETECTED  (acoustic contact)  priority=ACOUSTIC
2026-08-12 13:24:36,508 INFO    station.fusion     STATE ACOUSTIC_DETECTED -> ACOUSTIC_TRACKING  (acoustic alarm confirmed)  priority=ACOUSTIC
2026-08-12 13:25:25,947 INFO    station.main       ==============================================================
2026-08-12 13:25:25,947 INFO    station.main       DRONE DETECTION STATION — acoustic + visual sensor fusion
2026-08-12 13:25:25,947 INFO    station.main       ==============================================================
2026-08-12 13:25:25,947 INFO    station.main         camera 0 (FAR/IMX477): focal 1274 px, derived visual range ~20 m
2026-08-12 13:25:25,947 INFO    station.main         camera 1 (NEAR/IMX708): focal 502 px, derived visual range ~8 m
2026-08-12 13:25:25,947 INFO    station.main         camera 0: boresight azimuth NOT CALIBRATED -> acoustic bearing cue disabled
2026-08-12 13:25:25,947 INFO    station.main         camera 1: boresight azimuth NOT CALIBRATED -> acoustic bearing cue disabled
2026-08-12 13:25:25,947 INFO    station.main         camera-range gate: acquire <= 20 m, release > 30 m
2026-08-12 13:25:25,947 INFO    station.main         ^ DERIVED from optics, not assumed. A 0.25 m drone spans 16 px at 20 m on the FAR camera, which is the smallest box this configuration expects the detector to resolve.
2026-08-12 13:25:25,947 INFO    station.main         camera switch: NEAR below 1.50 m, FAR above 2.00 m, 5-frame confirmation
2026-08-12 13:25:25,947 INFO    station.main         HEF: C:\Users\user\Drone_AI\acoustic_radar\bestty_yolo260508.hef
2026-08-12 13:25:25,947 INFO    station.main       --------------------------------------------------------------
2026-08-12 13:25:26,316 INFO    station.acoustic   loading acoustic model...
2026-08-12 13:25:26,464 INFO    station.acoustic   acoustic model loaded (decision threshold 0.775)
2026-08-12 13:25:26,930 INFO    station.acoustic   microphone: Microphone Array (Realtek High  — 2 кан. @ 16000 Гц (оброблене стерео)
2026-08-12 13:25:26,930 INFO    station.acoustic   DOA: USB DOA: ❌ недоступний | SRP-PHAT: доступний | зсув +0°
2026-08-12 13:25:27,167 INFO    station.acoustic   audio logging: C:\Users\user\Drone_AI\acoustic_radar\detections (0 saved)
2026-08-12 13:25:27,168 INFO    station.acoustic   acoustic loop running (2.0 Hz decision rate, 500 ms processing budget per block)
2026-08-12 13:25:28,972 INFO    station.main       shutting down...
2026-08-12 13:25:29,212 INFO    station.acoustic   acoustic block processing: mean 4 ms, max 16 ms (budget 500 ms)
2026-08-12 13:25:29,212 INFO    station.acoustic   acoustic worker stopped
2026-08-12 13:25:29,212 INFO    station.main       session: 3 s, 86 UI frames (26.3 fps average)
2026-08-12 13:25:29,212 INFO    station.main       acoustic block time: mean 4 ms (budget 500 ms)
2026-08-12 13:25:29,212 INFO    station.main       stopped.
2026-08-12 13:25:29,804 INFO    station.main       ==============================================================
2026-08-12 13:25:29,804 INFO    station.main       DRONE DETECTION STATION — acoustic + visual sensor fusion
2026-08-12 13:25:29,804 INFO    station.main       ==============================================================
2026-08-12 13:25:29,804 INFO    station.main         camera 0 (FAR/IMX477): focal 1274 px, derived visual range ~20 m
2026-08-12 13:25:29,804 INFO    station.main         camera 1 (NEAR/IMX708): focal 502 px, derived visual range ~8 m
2026-08-12 13:25:29,804 INFO    station.main         camera 0: boresight azimuth NOT CALIBRATED -> acoustic bearing cue disabled
2026-08-12 13:25:29,804 INFO    station.main         camera 1: boresight azimuth NOT CALIBRATED -> acoustic bearing cue disabled
2026-08-12 13:25:29,804 INFO    station.main         camera-range gate: acquire <= 20 m, release > 30 m
2026-08-12 13:25:29,804 INFO    station.main         ^ DERIVED from optics, not assumed. A 0.25 m drone spans 16 px at 20 m on the FAR camera, which is the smallest box this configuration expects the detector to resolve.
2026-08-12 13:25:29,804 INFO    station.main         camera switch: NEAR below 1.50 m, FAR above 2.00 m, 5-frame confirmation
2026-08-12 13:25:29,804 INFO    station.main         HEF: C:\Users\user\Drone_AI\acoustic_radar\bestty_yolo260508.hef
2026-08-12 13:25:29,804 INFO    station.main       --------------------------------------------------------------
2026-08-12 13:25:30,681 INFO    station.camera     opening cameras (640x480 @ 30 fps)...
2026-08-12 13:25:30,681 ERROR   station.camera     camera subsystem could not start: CameraManager: no cameras could be opened at startup.
2026-08-12 13:25:32,836 INFO    station.main       shutting down...
2026-08-12 13:25:32,836 INFO    station.main       session: 3 s, 87 UI frames (28.7 fps average)
2026-08-12 13:25:32,836 INFO    station.main       camera: 0.0 fps, inference 0 ms
2026-08-12 13:25:32,836 INFO    station.main       stopped.
2026-08-12 13:25:33,512 ERROR   station.main       --no-audio and --no-camera together leave nothing to run
2026-08-12 13:28:32,260 INFO    station.fusion     STATE SEARCHING -> ACOUSTIC_DETECTED  (acoustic contact)  priority=ACOUSTIC
2026-08-12 13:28:32,260 INFO    station.fusion     STATE ACOUSTIC_DETECTED -> ACOUSTIC_TRACKING  (acoustic alarm confirmed)  priority=ACOUSTIC
2026-08-12 13:28:32,260 INFO    station.fusion     STATE ACOUSTIC_TRACKING -> VISUAL_TRACKING  (YOLO confirmed the target)  priority=CAMERA
2026-08-12 13:28:32,260 INFO    station.fusion     STATE SEARCHING -> ACOUSTIC_DETECTED  (acoustic contact)  priority=ACOUSTIC
2026-08-12 13:28:32,268 INFO    station.fusion     STATE ACOUSTIC_DETECTED -> ACOUSTIC_TRACKING  (acoustic alarm confirmed)  priority=ACOUSTIC
2026-08-12 13:28:32,268 INFO    station.fusion     STATE ACOUSTIC_TRACKING -> VISUAL_TRACKING  (YOLO confirmed the target)  priority=CAMERA
2026-08-12 13:28:32,268 INFO    station.fusion     STATE VISUAL_TRACKING -> VISUAL_LOST_ACOUSTIC_TRACKING  (visual track lost, acoustic still holds the target)  priority=ACOUSTIC
2026-08-12 13:28:32,268 INFO    station.fusion     STATE VISUAL_LOST_ACOUSTIC_TRACKING -> VISUAL_ACQUISITION  (re-cueing camera from acoustic bearing)  priority=ACOUSTIC
2026-08-12 13:28:32,268 INFO    station.fusion     STATE VISUAL_ACQUISITION -> ACOUSTIC_TRACKING  (camera offline, reverting to acoustic)  priority=ACOUSTIC
2026-08-12 13:28:32,268 INFO    station.fusion     STATE SEARCHING -> ACOUSTIC_DETECTED  (acoustic contact)  priority=ACOUSTIC
2026-08-12 13:28:32,276 INFO    station.fusion     STATE ACOUSTIC_DETECTED -> ACOUSTIC_TRACKING  (acoustic alarm confirmed)  priority=ACOUSTIC
2026-08-12 13:28:32,321 INFO    station.fusion     STATE ACOUSTIC_TRACKING -> VISUAL_TRACKING  (YOLO confirmed the target)  priority=CAMERA
2026-08-12 13:28:32,611 INFO    station.fusion     STATE VISUAL_TRACKING -> VISUAL_LOST_ACOUSTIC_TRACKING  (visual track lost, acoustic still holds the target)  priority=ACOUSTIC
2026-08-12 13:28:32,611 INFO    station.fusion     STATE VISUAL_LOST_ACOUSTIC_TRACKING -> VISUAL_ACQUISITION  (re-cueing camera from acoustic bearing)  priority=ACOUSTIC
2026-08-12 13:28:32,611 INFO    station.fusion     STATE VISUAL_ACQUISITION -> ACOUSTIC_TRACKING  (target left camera range)  priority=ACOUSTIC
2026-08-12 13:28:32,678 INFO    station.fusion     STATE ACOUSTIC_TRACKING -> VISUAL_TRACKING  (YOLO confirmed the target)  priority=CAMERA
2026-08-12 13:28:32,726 INFO    station.fusion     STATE VISUAL_TRACKING -> VISUAL_LOST_ACOUSTIC_TRACKING  (visual track lost, acoustic still holds the target)  priority=ACOUSTIC
2026-08-12 13:28:32,727 INFO    station.fusion     STATE VISUAL_LOST_ACOUSTIC_TRACKING -> VISUAL_ACQUISITION  (re-cueing camera from acoustic bearing)  priority=ACOUSTIC
2026-08-12 13:28:32,727 INFO    station.fusion     STATE VISUAL_ACQUISITION -> ACOUSTIC_TRACKING  (target left camera range)  priority=ACOUSTIC
2026-08-12 13:28:32,761 INFO    station.fusion     STATE ACOUSTIC_TRACKING -> VISUAL_TRACKING  (YOLO confirmed the target)  priority=CAMERA
2026-08-12 13:28:33,060 INFO    station.fusion     STATE VISUAL_TRACKING -> VISUAL_LOST_ACOUSTIC_TRACKING  (visual track lost, acoustic still holds the target)  priority=ACOUSTIC
2026-08-12 13:28:33,075 INFO    station.fusion     STATE VISUAL_LOST_ACOUSTIC_TRACKING -> VISUAL_ACQUISITION  (re-cueing camera from acoustic bearing)  priority=ACOUSTIC
2026-08-12 13:28:33,076 INFO    station.fusion     STATE VISUAL_ACQUISITION -> ACOUSTIC_TRACKING  (target left camera range)  priority=ACOUSTIC
2026-08-12 13:28:33,143 INFO    station.fusion     STATE ACOUSTIC_TRACKING -> VISUAL_TRACKING  (YOLO confirmed the target)  priority=CAMERA
2026-08-12 13:28:33,160 INFO    station.fusion     STATE VISUAL_TRACKING -> VISUAL_LOST_ACOUSTIC_TRACKING  (visual track lost, acoustic still holds the target)  priority=ACOUSTIC
2026-08-12 13:28:33,175 INFO    station.fusion     STATE VISUAL_LOST_ACOUSTIC_TRACKING -> VISUAL_ACQUISITION  (re-cueing camera from acoustic bearing)  priority=ACOUSTIC
2026-08-12 13:28:33,177 INFO    station.fusion     STATE VISUAL_ACQUISITION -> ACOUSTIC_TRACKING  (target left camera range)  priority=ACOUSTIC
2026-08-12 13:28:33,210 INFO    station.fusion     STATE ACOUSTIC_TRACKING -> VISUAL_TRACKING  (YOLO confirmed the target)  priority=CAMERA
2026-08-12 13:28:33,518 INFO    station.fusion     STATE VISUAL_TRACKING -> VISUAL_LOST_ACOUSTIC_TRACKING  (visual track lost, acoustic still holds the target)  priority=ACOUSTIC
2026-08-12 13:28:33,518 INFO    station.fusion     STATE VISUAL_LOST_ACOUSTIC_TRACKING -> VISUAL_ACQUISITION  (re-cueing camera from acoustic bearing)  priority=ACOUSTIC
2026-08-12 13:28:33,526 INFO    station.fusion     STATE VISUAL_ACQUISITION -> ACOUSTIC_TRACKING  (target left camera range)  priority=ACOUSTIC
2026-08-12 13:28:33,593 INFO    station.fusion     STATE ACOUSTIC_TRACKING -> VISUAL_TRACKING  (YOLO confirmed the target)  priority=CAMERA
2026-08-12 13:28:33,633 INFO    station.fusion     STATE VISUAL_TRACKING -> VISUAL_LOST_ACOUSTIC_TRACKING  (visual track lost, acoustic still holds the target)  priority=ACOUSTIC
2026-08-12 13:28:33,633 INFO    station.fusion     STATE VISUAL_LOST_ACOUSTIC_TRACKING -> VISUAL_ACQUISITION  (re-cueing camera from acoustic bearing)  priority=ACOUSTIC
2026-08-12 13:28:33,633 INFO    station.fusion     STATE VISUAL_ACQUISITION -> ACOUSTIC_TRACKING  (target left camera range)  priority=ACOUSTIC
2026-08-12 13:28:33,683 INFO    station.fusion     STATE ACOUSTIC_TRACKING -> VISUAL_TRACKING  (YOLO confirmed the target)  priority=CAMERA
2026-08-12 13:28:33,976 INFO    station.fusion     STATE VISUAL_TRACKING -> VISUAL_LOST_ACOUSTIC_TRACKING  (visual track lost, acoustic still holds the target)  priority=ACOUSTIC
2026-08-12 13:28:33,976 INFO    station.fusion     STATE VISUAL_LOST_ACOUSTIC_TRACKING -> VISUAL_ACQUISITION  (re-cueing camera from acoustic bearing)  priority=ACOUSTIC
2026-08-12 13:28:33,976 INFO    station.fusion     STATE VISUAL_ACQUISITION -> ACOUSTIC_TRACKING  (target left camera range)  priority=ACOUSTIC
2026-08-12 13:28:34,045 INFO    station.fusion     STATE ACOUSTIC_TRACKING -> VISUAL_TRACKING  (YOLO confirmed the target)  priority=CAMERA
2026-08-12 13:28:34,061 INFO    station.fusion     STATE VISUAL_TRACKING -> VISUAL_LOST_ACOUSTIC_TRACKING  (visual track lost, acoustic still holds the target)  priority=ACOUSTIC
2026-08-12 13:28:34,061 INFO    station.fusion     STATE VISUAL_LOST_ACOUSTIC_TRACKING -> VISUAL_ACQUISITION  (re-cueing camera from acoustic bearing)  priority=ACOUSTIC
2026-08-12 13:28:34,061 INFO    station.fusion     STATE VISUAL_ACQUISITION -> ACOUSTIC_TRACKING  (target left camera range)  priority=ACOUSTIC
2026-08-12 13:28:34,126 INFO    station.fusion     STATE ACOUSTIC_TRACKING -> VISUAL_TRACKING  (YOLO confirmed the target)  priority=CAMERA
2026-08-12 13:28:34,411 INFO    station.fusion     STATE VISUAL_TRACKING -> VISUAL_LOST_ACOUSTIC_TRACKING  (visual track lost, acoustic still holds the target)  priority=ACOUSTIC
2026-08-12 13:28:34,425 INFO    station.fusion     STATE VISUAL_LOST_ACOUSTIC_TRACKING -> VISUAL_ACQUISITION  (re-cueing camera from acoustic bearing)  priority=ACOUSTIC
2026-08-12 13:28:34,427 INFO    station.fusion     STATE VISUAL_ACQUISITION -> ACOUSTIC_TRACKING  (target left camera range)  priority=ACOUSTIC
2026-08-12 13:28:34,499 INFO    station.fusion     STATE ACOUSTIC_TRACKING -> VISUAL_TRACKING  (YOLO confirmed the target)  priority=CAMERA
2026-08-12 13:28:34,531 INFO    station.fusion     STATE VISUAL_TRACKING -> VISUAL_LOST_ACOUSTIC_TRACKING  (visual track lost, acoustic still holds the target)  priority=ACOUSTIC
2026-08-12 13:28:34,531 INFO    station.fusion     STATE VISUAL_LOST_ACOUSTIC_TRACKING -> VISUAL_ACQUISITION  (re-cueing camera from acoustic bearing)  priority=ACOUSTIC
2026-08-12 13:28:34,531 INFO    station.fusion     STATE VISUAL_ACQUISITION -> ACOUSTIC_TRACKING  (target left camera range)  priority=ACOUSTIC
2026-08-12 13:28:34,578 INFO    station.fusion     STATE ACOUSTIC_TRACKING -> VISUAL_TRACKING  (YOLO confirmed the target)  priority=CAMERA
2026-08-12 13:28:34,894 INFO    station.fusion     STATE VISUAL_TRACKING -> VISUAL_LOST_ACOUSTIC_TRACKING  (visual track lost, acoustic still holds the target)  priority=ACOUSTIC
2026-08-12 13:28:34,894 INFO    station.fusion     STATE VISUAL_LOST_ACOUSTIC_TRACKING -> VISUAL_ACQUISITION  (re-cueing camera from acoustic bearing)  priority=ACOUSTIC
2026-08-12 13:28:34,894 INFO    station.fusion     STATE VISUAL_ACQUISITION -> ACOUSTIC_TRACKING  (target left camera range)  priority=ACOUSTIC
2026-08-12 13:28:34,960 INFO    station.fusion     STATE ACOUSTIC_TRACKING -> VISUAL_TRACKING  (YOLO confirmed the target)  priority=CAMERA
2026-08-12 13:28:34,982 INFO    station.fusion     STATE VISUAL_TRACKING -> VISUAL_LOST_ACOUSTIC_TRACKING  (visual track lost, acoustic still holds the target)  priority=ACOUSTIC
2026-08-12 13:28:34,982 INFO    station.fusion     STATE VISUAL_LOST_ACOUSTIC_TRACKING -> VISUAL_ACQUISITION  (re-cueing camera from acoustic bearing)  priority=ACOUSTIC
2026-08-12 13:28:34,982 INFO    station.fusion     STATE VISUAL_ACQUISITION -> ACOUSTIC_TRACKING  (target left camera range)  priority=ACOUSTIC
2026-08-12 13:28:35,035 INFO    station.fusion     STATE ACOUSTIC_TRACKING -> VISUAL_TRACKING  (YOLO confirmed the target)  priority=CAMERA
2026-08-12 13:28:35,335 INFO    station.fusion     STATE VISUAL_TRACKING -> VISUAL_LOST_ACOUSTIC_TRACKING  (visual track lost, acoustic still holds the target)  priority=ACOUSTIC
2026-08-12 13:28:35,335 INFO    station.fusion     STATE VISUAL_LOST_ACOUSTIC_TRACKING -> VISUAL_ACQUISITION  (re-cueing camera from acoustic bearing)  priority=ACOUSTIC
2026-08-12 13:28:35,335 INFO    station.fusion     STATE VISUAL_ACQUISITION -> ACOUSTIC_TRACKING  (target left camera range)  priority=ACOUSTIC
2026-08-12 13:28:35,410 INFO    station.fusion     STATE ACOUSTIC_TRACKING -> VISUAL_TRACKING  (YOLO confirmed the target)  priority=CAMERA
2026-08-12 13:28:35,448 INFO    station.fusion     STATE VISUAL_TRACKING -> VISUAL_LOST_ACOUSTIC_TRACKING  (visual track lost, acoustic still holds the target)  priority=ACOUSTIC
2026-08-12 13:28:35,448 INFO    station.fusion     STATE VISUAL_LOST_ACOUSTIC_TRACKING -> VISUAL_ACQUISITION  (re-cueing camera from acoustic bearing)  priority=ACOUSTIC
2026-08-12 13:28:35,448 INFO    station.fusion     STATE VISUAL_ACQUISITION -> ACOUSTIC_TRACKING  (target left camera range)  priority=ACOUSTIC
2026-08-12 13:28:35,500 INFO    station.fusion     STATE ACOUSTIC_TRACKING -> VISUAL_TRACKING  (YOLO confirmed the target)  priority=CAMERA
2026-08-12 13:28:35,816 INFO    station.fusion     STATE VISUAL_TRACKING -> VISUAL_LOST_ACOUSTIC_TRACKING  (visual track lost, acoustic still holds the target)  priority=ACOUSTIC
2026-08-12 13:28:35,816 INFO    station.fusion     STATE VISUAL_LOST_ACOUSTIC_TRACKING -> VISUAL_ACQUISITION  (re-cueing camera from acoustic bearing)  priority=ACOUSTIC
2026-08-12 13:28:35,816 INFO    station.fusion     STATE VISUAL_ACQUISITION -> ACOUSTIC_TRACKING  (target left camera range)  priority=ACOUSTIC
2026-08-12 13:28:35,877 INFO    station.fusion     STATE ACOUSTIC_TRACKING -> VISUAL_TRACKING  (YOLO confirmed the target)  priority=CAMERA
2026-08-12 13:28:35,911 INFO    station.fusion     STATE VISUAL_TRACKING -> VISUAL_LOST_ACOUSTIC_TRACKING  (visual track lost, acoustic still holds the target)  priority=ACOUSTIC
2026-08-12 13:28:35,911 INFO    station.fusion     STATE VISUAL_LOST_ACOUSTIC_TRACKING -> VISUAL_ACQUISITION  (re-cueing camera from acoustic bearing)  priority=ACOUSTIC
2026-08-12 13:28:35,911 INFO    station.fusion     STATE VISUAL_ACQUISITION -> ACOUSTIC_TRACKING  (target left camera range)  priority=ACOUSTIC
2026-08-12 13:28:35,959 INFO    station.fusion     STATE ACOUSTIC_TRACKING -> VISUAL_TRACKING  (YOLO confirmed the target)  priority=CAMERA
2026-08-12 13:28:36,276 INFO    station.fusion     STATE VISUAL_TRACKING -> VISUAL_LOST_ACOUSTIC_TRACKING  (visual track lost, acoustic still holds the target)  priority=ACOUSTIC
2026-08-12 13:28:36,283 INFO    station.fusion     STATE VISUAL_LOST_ACOUSTIC_TRACKING -> VISUAL_ACQUISITION  (re-cueing camera from acoustic bearing)  priority=ACOUSTIC
2026-08-12 13:28:36,283 INFO    station.fusion     STATE VISUAL_ACQUISITION -> ACOUSTIC_TRACKING  (target left camera range)  priority=ACOUSTIC
2026-08-12 13:28:36,356 INFO    station.fusion     STATE ACOUSTIC_TRACKING -> VISUAL_TRACKING  (YOLO confirmed the target)  priority=CAMERA
2026-08-12 13:28:36,395 INFO    station.fusion     STATE VISUAL_TRACKING -> VISUAL_LOST_ACOUSTIC_TRACKING  (visual track lost, acoustic still holds the target)  priority=ACOUSTIC
2026-08-12 13:28:36,395 INFO    station.fusion     STATE VISUAL_LOST_ACOUSTIC_TRACKING -> VISUAL_ACQUISITION  (re-cueing camera from acoustic bearing)  priority=ACOUSTIC
2026-08-12 13:28:36,398 INFO    station.fusion     STATE VISUAL_ACQUISITION -> ACOUSTIC_TRACKING  (target left camera range)  priority=ACOUSTIC
2026-08-12 13:28:36,430 INFO    station.fusion     STATE ACOUSTIC_TRACKING -> VISUAL_TRACKING  (YOLO confirmed the target)  priority=CAMERA
2026-08-12 13:28:36,760 INFO    station.fusion     STATE VISUAL_TRACKING -> VISUAL_LOST_ACOUSTIC_TRACKING  (visual track lost, acoustic still holds the target)  priority=ACOUSTIC
2026-08-12 13:28:36,760 INFO    station.fusion     STATE VISUAL_LOST_ACOUSTIC_TRACKING -> VISUAL_ACQUISITION  (re-cueing camera from acoustic bearing)  priority=ACOUSTIC
2026-08-12 13:28:36,760 INFO    station.fusion     STATE VISUAL_ACQUISITION -> ACOUSTIC_TRACKING  (target left camera range)  priority=ACOUSTIC
2026-08-12 13:28:36,833 INFO    station.fusion     STATE ACOUSTIC_TRACKING -> VISUAL_TRACKING  (YOLO confirmed the target)  priority=CAMERA
2026-08-12 13:28:36,861 INFO    station.fusion     STATE VISUAL_TRACKING -> VISUAL_LOST_ACOUSTIC_TRACKING  (visual track lost, acoustic still holds the target)  priority=ACOUSTIC
2026-08-12 13:28:36,861 INFO    station.fusion     STATE VISUAL_LOST_ACOUSTIC_TRACKING -> VISUAL_ACQUISITION  (re-cueing camera from acoustic bearing)  priority=ACOUSTIC
2026-08-12 13:28:36,861 INFO    station.fusion     STATE VISUAL_ACQUISITION -> ACOUSTIC_TRACKING  (target left camera range)  priority=ACOUSTIC
2026-08-12 13:28:36,910 INFO    station.fusion     STATE ACOUSTIC_TRACKING -> VISUAL_TRACKING  (YOLO confirmed the target)  priority=CAMERA
2026-08-12 13:28:37,232 INFO    station.fusion     STATE VISUAL_TRACKING -> VISUAL_LOST_ACOUSTIC_TRACKING  (visual track lost, acoustic still holds the target)  priority=ACOUSTIC
2026-08-12 13:28:37,232 INFO    station.fusion     STATE VISUAL_LOST_ACOUSTIC_TRACKING -> VISUAL_ACQUISITION  (re-cueing camera from acoustic bearing)  priority=ACOUSTIC
2026-08-12 13:28:37,232 INFO    station.fusion     STATE VISUAL_ACQUISITION -> ACOUSTIC_TRACKING  (target left camera range)  priority=ACOUSTIC
2026-08-12 13:28:37,319 INFO    station.fusion     STATE ACOUSTIC_TRACKING -> VISUAL_TRACKING  (YOLO confirmed the target)  priority=CAMERA
2026-08-12 13:28:37,360 INFO    station.fusion     STATE VISUAL_TRACKING -> VISUAL_LOST_ACOUSTIC_TRACKING  (visual track lost, acoustic still holds the target)  priority=ACOUSTIC
2026-08-12 13:28:37,360 INFO    station.fusion     STATE VISUAL_LOST_ACOUSTIC_TRACKING -> VISUAL_ACQUISITION  (re-cueing camera from acoustic bearing)  priority=ACOUSTIC
2026-08-12 13:28:37,360 INFO    station.fusion     STATE VISUAL_ACQUISITION -> ACOUSTIC_TRACKING  (target left camera range)  priority=ACOUSTIC
2026-08-12 13:28:37,410 INFO    station.fusion     STATE ACOUSTIC_TRACKING -> VISUAL_TRACKING  (YOLO confirmed the target)  priority=CAMERA
2026-08-12 13:28:37,717 INFO    station.fusion     STATE VISUAL_TRACKING -> VISUAL_LOST_ACOUSTIC_TRACKING  (visual track lost, acoustic still holds the target)  priority=ACOUSTIC
2026-08-12 13:28:37,727 INFO    station.fusion     STATE VISUAL_LOST_ACOUSTIC_TRACKING -> VISUAL_ACQUISITION  (re-cueing camera from acoustic bearing)  priority=ACOUSTIC
2026-08-12 13:28:37,727 INFO    station.fusion     STATE VISUAL_ACQUISITION -> ACOUSTIC_TRACKING  (target left camera range)  priority=ACOUSTIC
2026-08-12 13:28:37,793 INFO    station.fusion     STATE ACOUSTIC_TRACKING -> VISUAL_TRACKING  (YOLO confirmed the target)  priority=CAMERA
2026-08-12 13:28:37,826 INFO    station.fusion     STATE VISUAL_TRACKING -> VISUAL_LOST_ACOUSTIC_TRACKING  (visual track lost, acoustic still holds the target)  priority=ACOUSTIC
2026-08-12 13:28:37,826 INFO    station.fusion     STATE VISUAL_LOST_ACOUSTIC_TRACKING -> VISUAL_ACQUISITION  (re-cueing camera from acoustic bearing)  priority=ACOUSTIC
2026-08-12 13:28:37,826 INFO    station.fusion     STATE VISUAL_ACQUISITION -> ACOUSTIC_TRACKING  (target left camera range)  priority=ACOUSTIC
2026-08-12 13:28:37,877 INFO    station.fusion     STATE ACOUSTIC_TRACKING -> VISUAL_TRACKING  (YOLO confirmed the target)  priority=CAMERA
2026-08-12 13:28:38,170 INFO    station.fusion     STATE VISUAL_TRACKING -> VISUAL_LOST_ACOUSTIC_TRACKING  (visual track lost, acoustic still holds the target)  priority=ACOUSTIC
2026-08-12 13:28:38,170 INFO    station.fusion     STATE VISUAL_LOST_ACOUSTIC_TRACKING -> VISUAL_ACQUISITION  (re-cueing camera from acoustic bearing)  priority=ACOUSTIC
2026-08-12 13:28:38,185 INFO    station.fusion     STATE VISUAL_ACQUISITION -> ACOUSTIC_TRACKING  (target left camera range)  priority=ACOUSTIC
2026-08-12 13:28:38,246 INFO    station.fusion     STATE ACOUSTIC_TRACKING -> VISUAL_TRACKING  (YOLO confirmed the target)  priority=CAMERA
2026-08-12 13:28:38,292 INFO    station.fusion     STATE VISUAL_TRACKING -> VISUAL_LOST_ACOUSTIC_TRACKING  (visual track lost, acoustic still holds the target)  priority=ACOUSTIC
2026-08-12 13:28:38,292 INFO    station.fusion     STATE VISUAL_LOST_ACOUSTIC_TRACKING -> VISUAL_ACQUISITION  (re-cueing camera from acoustic bearing)  priority=ACOUSTIC
2026-08-12 13:28:38,292 INFO    station.fusion     STATE VISUAL_ACQUISITION -> ACOUSTIC_TRACKING  (target left camera range)  priority=ACOUSTIC
2026-08-12 13:28:38,332 INFO    station.fusion     STATE ACOUSTIC_TRACKING -> VISUAL_TRACKING  (YOLO confirmed the target)  priority=CAMERA
2026-08-12 13:28:38,640 INFO    station.fusion     STATE VISUAL_TRACKING -> VISUAL_LOST_ACOUSTIC_TRACKING  (visual track lost, acoustic still holds the target)  priority=ACOUSTIC
2026-08-12 13:28:38,640 INFO    station.fusion     STATE VISUAL_LOST_ACOUSTIC_TRACKING -> VISUAL_ACQUISITION  (re-cueing camera from acoustic bearing)  priority=ACOUSTIC
2026-08-12 13:28:38,640 INFO    station.fusion     STATE VISUAL_ACQUISITION -> ACOUSTIC_TRACKING  (target left camera range)  priority=ACOUSTIC
2026-08-12 13:28:38,712 INFO    station.fusion     STATE ACOUSTIC_TRACKING -> VISUAL_TRACKING  (YOLO confirmed the target)  priority=CAMERA
2026-08-12 13:28:38,744 INFO    station.fusion     STATE VISUAL_TRACKING -> VISUAL_LOST_ACOUSTIC_TRACKING  (visual track lost, acoustic still holds the target)  priority=ACOUSTIC
2026-08-12 13:28:38,744 INFO    station.fusion     STATE VISUAL_LOST_ACOUSTIC_TRACKING -> VISUAL_ACQUISITION  (re-cueing camera from acoustic bearing)  priority=ACOUSTIC
2026-08-12 13:28:38,744 INFO    station.fusion     STATE VISUAL_ACQUISITION -> ACOUSTIC_TRACKING  (target left camera range)  priority=ACOUSTIC
2026-08-12 13:28:38,792 INFO    station.fusion     STATE ACOUSTIC_TRACKING -> VISUAL_TRACKING  (YOLO confirmed the target)  priority=CAMERA
2026-08-12 13:28:39,095 INFO    station.fusion     STATE VISUAL_TRACKING -> VISUAL_LOST_ACOUSTIC_TRACKING  (visual track lost, acoustic still holds the target)  priority=ACOUSTIC
2026-08-12 13:28:39,095 INFO    station.fusion     STATE VISUAL_LOST_ACOUSTIC_TRACKING -> VISUAL_ACQUISITION  (re-cueing camera from acoustic bearing)  priority=ACOUSTIC
2026-08-12 13:28:39,095 INFO    station.fusion     STATE VISUAL_ACQUISITION -> ACOUSTIC_TRACKING  (target left camera range)  priority=ACOUSTIC
2026-08-12 13:28:39,158 INFO    station.fusion     STATE ACOUSTIC_TRACKING -> VISUAL_TRACKING  (YOLO confirmed the target)  priority=CAMERA
2026-08-12 13:28:39,199 INFO    station.fusion     STATE VISUAL_TRACKING -> VISUAL_LOST_ACOUSTIC_TRACKING  (visual track lost, acoustic still holds the target)  priority=ACOUSTIC
2026-08-12 13:28:39,199 INFO    station.fusion     STATE VISUAL_LOST_ACOUSTIC_TRACKING -> VISUAL_ACQUISITION  (re-cueing camera from acoustic bearing)  priority=ACOUSTIC
2026-08-12 13:28:39,199 INFO    station.fusion     STATE VISUAL_ACQUISITION -> ACOUSTIC_TRACKING  (target left camera range)  priority=ACOUSTIC
2026-08-12 13:28:39,245 INFO    station.fusion     STATE ACOUSTIC_TRACKING -> VISUAL_TRACKING  (YOLO confirmed the target)  priority=CAMERA
2026-08-12 13:28:39,676 INFO    station.fusion     STATE VISUAL_TRACKING -> VISUAL_LOST_ACOUSTIC_TRACKING  (visual track lost, acoustic still holds the target)  priority=ACOUSTIC
2026-08-12 13:28:39,676 INFO    station.fusion     STATE VISUAL_LOST_ACOUSTIC_TRACKING -> VISUAL_ACQUISITION  (re-cueing camera from acoustic bearing)  priority=ACOUSTIC
2026-08-12 13:28:39,676 INFO    station.fusion     STATE VISUAL_ACQUISITION -> ACOUSTIC_TRACKING  (target left camera range)  priority=ACOUSTIC
2026-08-12 13:28:39,739 INFO    station.fusion     STATE ACOUSTIC_TRACKING -> VISUAL_TRACKING  (YOLO confirmed the target)  priority=CAMERA
2026-08-12 13:28:39,780 INFO    station.fusion     STATE VISUAL_TRACKING -> VISUAL_LOST_ACOUSTIC_TRACKING  (visual track lost, acoustic still holds the target)  priority=ACOUSTIC
2026-08-12 13:28:39,781 INFO    station.fusion     STATE VISUAL_LOST_ACOUSTIC_TRACKING -> VISUAL_ACQUISITION  (re-cueing camera from acoustic bearing)  priority=ACOUSTIC
2026-08-12 13:28:39,781 INFO    station.fusion     STATE VISUAL_ACQUISITION -> ACOUSTIC_TRACKING  (target left camera range)  priority=ACOUSTIC
2026-08-12 13:28:39,826 INFO    station.fusion     STATE ACOUSTIC_TRACKING -> VISUAL_TRACKING  (YOLO confirmed the target)  priority=CAMERA
2026-08-12 13:28:40,103 INFO    station.fusion     STATE SEARCHING -> ACOUSTIC_DETECTED  (acoustic contact)  priority=ACOUSTIC
2026-08-12 13:28:40,103 INFO    station.fusion     STATE ACOUSTIC_DETECTED -> ACOUSTIC_TRACKING  (acoustic alarm confirmed)  priority=ACOUSTIC
2026-08-12 13:28:40,103 INFO    station.fusion     STATE SEARCHING -> ACOUSTIC_DETECTED  (acoustic contact)  priority=ACOUSTIC
2026-08-12 13:28:40,103 INFO    station.fusion     STATE ACOUSTIC_DETECTED -> ACOUSTIC_TRACKING  (acoustic alarm confirmed)  priority=ACOUSTIC
2026-08-12 13:28:40,103 INFO    station.fusion     STATE ACOUSTIC_TRACKING -> VISUAL_ACQUISITION  (acoustic confirmed; range unknown, acquiring anyway)  priority=ACOUSTIC
2026-08-12 13:28:42,297 INFO    station.fusion     STATE SEARCHING -> ACOUSTIC_DETECTED  (acoustic contact)  priority=ACOUSTIC
2026-08-12 13:28:42,297 INFO    station.fusion     STATE SEARCHING -> ACOUSTIC_DETECTED  (acoustic contact)  priority=ACOUSTIC
2026-08-12 13:28:42,297 INFO    station.fusion     STATE ACOUSTIC_DETECTED -> ACOUSTIC_TRACKING  (acoustic alarm confirmed)  priority=ACOUSTIC
2026-08-12 13:28:42,297 INFO    station.fusion     STATE ACOUSTIC_TRACKING -> VISUAL_TRACKING  (YOLO confirmed the target)  priority=CAMERA
2026-08-12 13:28:42,297 INFO    station.fusion     STATE SEARCHING -> ACOUSTIC_DETECTED  (acoustic contact)  priority=ACOUSTIC
2026-08-12 13:28:42,297 INFO    station.fusion     STATE ACOUSTIC_DETECTED -> ACOUSTIC_TRACKING  (acoustic alarm confirmed)  priority=ACOUSTIC
2026-08-12 13:28:42,297 INFO    station.fusion     STATE ACOUSTIC_TRACKING -> VISUAL_TRACKING  (YOLO confirmed the target)  priority=CAMERA
2026-08-12 13:28:42,297 INFO    station.fusion     STATE VISUAL_TRACKING -> VISUAL_LOST_ACOUSTIC_TRACKING  (visual track lost, acoustic still holds the target)  priority=ACOUSTIC
2026-08-12 13:28:42,297 INFO    station.fusion     STATE SEARCHING -> ACOUSTIC_DETECTED  (acoustic contact)  priority=ACOUSTIC
2026-08-12 13:28:42,297 INFO    station.fusion     STATE ACOUSTIC_DETECTED -> ACOUSTIC_TRACKING  (acoustic alarm confirmed)  priority=ACOUSTIC
2026-08-12 13:28:42,305 INFO    station.fusion     STATE SEARCHING -> ACOUSTIC_DETECTED  (acoustic contact)  priority=ACOUSTIC
2026-08-12 13:28:42,305 INFO    station.fusion     STATE ACOUSTIC_DETECTED -> ACOUSTIC_TRACKING  (acoustic alarm confirmed)  priority=ACOUSTIC
2026-08-12 13:29:18,195 INFO    station.fusion     STATE SEARCHING -> ACOUSTIC_DETECTED  (acoustic contact)  priority=ACOUSTIC
2026-08-12 13:29:18,195 INFO    station.fusion     STATE ACOUSTIC_DETECTED -> ACOUSTIC_TRACKING  (acoustic alarm confirmed)  priority=ACOUSTIC
2026-08-12 13:29:18,195 INFO    station.fusion     STATE ACOUSTIC_TRACKING -> VISUAL_TRACKING  (YOLO confirmed the target)  priority=CAMERA
2026-08-12 13:29:18,195 INFO    station.fusion     STATE SEARCHING -> ACOUSTIC_DETECTED  (acoustic contact)  priority=ACOUSTIC
2026-08-12 13:29:18,195 INFO    station.fusion     STATE ACOUSTIC_DETECTED -> ACOUSTIC_TRACKING  (acoustic alarm confirmed)  priority=ACOUSTIC
2026-08-12 13:29:18,195 INFO    station.fusion     STATE ACOUSTIC_TRACKING -> VISUAL_TRACKING  (YOLO confirmed the target)  priority=CAMERA
2026-08-12 13:29:18,195 INFO    station.fusion     STATE VISUAL_TRACKING -> VISUAL_LOST_ACOUSTIC_TRACKING  (visual track lost, acoustic still holds the target)  priority=ACOUSTIC
2026-08-12 13:29:18,195 INFO    station.fusion     STATE VISUAL_LOST_ACOUSTIC_TRACKING -> VISUAL_ACQUISITION  (re-cueing camera from acoustic bearing)  priority=ACOUSTIC
2026-08-12 13:29:18,195 INFO    station.fusion     STATE VISUAL_ACQUISITION -> ACOUSTIC_TRACKING  (camera offline, reverting to acoustic)  priority=ACOUSTIC
2026-08-12 13:29:18,206 INFO    station.fusion     STATE SEARCHING -> ACOUSTIC_DETECTED  (acoustic contact)  priority=ACOUSTIC
2026-08-12 13:29:18,206 INFO    station.fusion     STATE ACOUSTIC_DETECTED -> ACOUSTIC_TRACKING  (acoustic alarm confirmed)  priority=ACOUSTIC
2026-08-12 13:29:18,256 INFO    station.fusion     STATE ACOUSTIC_TRACKING -> VISUAL_TRACKING  (YOLO confirmed the target)  priority=CAMERA
2026-08-12 13:29:18,573 INFO    station.fusion     STATE VISUAL_TRACKING -> VISUAL_LOST_ACOUSTIC_TRACKING  (visual track lost, acoustic still holds the target)  priority=ACOUSTIC
2026-08-12 13:29:18,573 INFO    station.fusion     STATE VISUAL_LOST_ACOUSTIC_TRACKING -> VISUAL_ACQUISITION  (re-cueing camera from acoustic bearing)  priority=ACOUSTIC
2026-08-12 13:29:18,573 INFO    station.fusion     STATE VISUAL_ACQUISITION -> ACOUSTIC_TRACKING  (target left camera range)  priority=ACOUSTIC
2026-08-12 13:29:18,657 INFO    station.fusion     STATE ACOUSTIC_TRACKING -> VISUAL_TRACKING  (YOLO confirmed the target)  priority=CAMERA
2026-08-12 13:29:18,689 INFO    station.fusion     STATE VISUAL_TRACKING -> VISUAL_LOST_ACOUSTIC_TRACKING  (visual track lost, acoustic still holds the target)  priority=ACOUSTIC
2026-08-12 13:29:18,689 INFO    station.fusion     STATE VISUAL_LOST_ACOUSTIC_TRACKING -> VISUAL_ACQUISITION  (re-cueing camera from acoustic bearing)  priority=ACOUSTIC
2026-08-12 13:29:18,689 INFO    station.fusion     STATE VISUAL_ACQUISITION -> ACOUSTIC_TRACKING  (target left camera range)  priority=ACOUSTIC
2026-08-12 13:29:18,739 INFO    station.fusion     STATE ACOUSTIC_TRACKING -> VISUAL_TRACKING  (YOLO confirmed the target)  priority=CAMERA
2026-08-12 13:29:19,088 INFO    station.fusion     STATE VISUAL_TRACKING -> VISUAL_LOST_ACOUSTIC_TRACKING  (visual track lost, acoustic still holds the target)  priority=ACOUSTIC
2026-08-12 13:29:19,088 INFO    station.fusion     STATE VISUAL_LOST_ACOUSTIC_TRACKING -> VISUAL_ACQUISITION  (re-cueing camera from acoustic bearing)  priority=ACOUSTIC
2026-08-12 13:29:19,088 INFO    station.fusion     STATE VISUAL_ACQUISITION -> ACOUSTIC_TRACKING  (target left camera range)  priority=ACOUSTIC
2026-08-12 13:29:19,161 INFO    station.fusion     STATE ACOUSTIC_TRACKING -> VISUAL_TRACKING  (YOLO confirmed the target)  priority=CAMERA
2026-08-12 13:29:19,188 INFO    station.fusion     STATE VISUAL_TRACKING -> VISUAL_LOST_ACOUSTIC_TRACKING  (visual track lost, acoustic still holds the target)  priority=ACOUSTIC
2026-08-12 13:29:19,188 INFO    station.fusion     STATE VISUAL_LOST_ACOUSTIC_TRACKING -> VISUAL_ACQUISITION  (re-cueing camera from acoustic bearing)  priority=ACOUSTIC
2026-08-12 13:29:19,188 INFO    station.fusion     STATE VISUAL_ACQUISITION -> ACOUSTIC_TRACKING  (target left camera range)  priority=ACOUSTIC
2026-08-12 13:29:19,238 INFO    station.fusion     STATE ACOUSTIC_TRACKING -> VISUAL_TRACKING  (YOLO confirmed the target)  priority=CAMERA
2026-08-12 13:29:19,571 INFO    station.fusion     STATE VISUAL_TRACKING -> VISUAL_LOST_ACOUSTIC_TRACKING  (visual track lost, acoustic still holds the target)  priority=ACOUSTIC
2026-08-12 13:29:19,571 INFO    station.fusion     STATE VISUAL_LOST_ACOUSTIC_TRACKING -> VISUAL_ACQUISITION  (re-cueing camera from acoustic bearing)  priority=ACOUSTIC
2026-08-12 13:29:19,571 INFO    station.fusion     STATE VISUAL_ACQUISITION -> ACOUSTIC_TRACKING  (target left camera range)  priority=ACOUSTIC
2026-08-12 13:29:19,662 INFO    station.fusion     STATE ACOUSTIC_TRACKING -> VISUAL_TRACKING  (YOLO confirmed the target)  priority=CAMERA
2026-08-12 13:29:19,689 INFO    station.fusion     STATE VISUAL_TRACKING -> VISUAL_LOST_ACOUSTIC_TRACKING  (visual track lost, acoustic still holds the target)  priority=ACOUSTIC
2026-08-12 13:29:19,689 INFO    station.fusion     STATE VISUAL_LOST_ACOUSTIC_TRACKING -> VISUAL_ACQUISITION  (re-cueing camera from acoustic bearing)  priority=ACOUSTIC
2026-08-12 13:29:19,703 INFO    station.fusion     STATE VISUAL_ACQUISITION -> ACOUSTIC_TRACKING  (target left camera range)  priority=ACOUSTIC
2026-08-12 13:29:19,753 INFO    station.fusion     STATE ACOUSTIC_TRACKING -> VISUAL_TRACKING  (YOLO confirmed the target)  priority=CAMERA
2026-08-12 13:29:20,089 INFO    station.fusion     STATE VISUAL_TRACKING -> VISUAL_LOST_ACOUSTIC_TRACKING  (visual track lost, acoustic still holds the target)  priority=ACOUSTIC
2026-08-12 13:29:20,089 INFO    station.fusion     STATE VISUAL_LOST_ACOUSTIC_TRACKING -> VISUAL_ACQUISITION  (re-cueing camera from acoustic bearing)  priority=ACOUSTIC
2026-08-12 13:29:20,089 INFO    station.fusion     STATE VISUAL_ACQUISITION -> ACOUSTIC_TRACKING  (target left camera range)  priority=ACOUSTIC
2026-08-12 13:29:20,161 INFO    station.fusion     STATE ACOUSTIC_TRACKING -> VISUAL_TRACKING  (YOLO confirmed the target)  priority=CAMERA
2026-08-12 13:29:20,189 INFO    station.fusion     STATE VISUAL_TRACKING -> VISUAL_LOST_ACOUSTIC_TRACKING  (visual track lost, acoustic still holds the target)  priority=ACOUSTIC
2026-08-12 13:29:20,189 INFO    station.fusion     STATE VISUAL_LOST_ACOUSTIC_TRACKING -> VISUAL_ACQUISITION  (re-cueing camera from acoustic bearing)  priority=ACOUSTIC
2026-08-12 13:29:20,189 INFO    station.fusion     STATE VISUAL_ACQUISITION -> ACOUSTIC_TRACKING  (target left camera range)  priority=ACOUSTIC
2026-08-12 13:29:20,240 INFO    station.fusion     STATE ACOUSTIC_TRACKING -> VISUAL_TRACKING  (YOLO confirmed the target)  priority=CAMERA
2026-08-12 13:29:20,556 INFO    station.fusion     STATE VISUAL_TRACKING -> VISUAL_LOST_ACOUSTIC_TRACKING  (visual track lost, acoustic still holds the target)  priority=ACOUSTIC
2026-08-12 13:29:20,556 INFO    station.fusion     STATE VISUAL_LOST_ACOUSTIC_TRACKING -> VISUAL_ACQUISITION  (re-cueing camera from acoustic bearing)  priority=ACOUSTIC
2026-08-12 13:29:20,556 INFO    station.fusion     STATE VISUAL_ACQUISITION -> ACOUSTIC_TRACKING  (target left camera range)  priority=ACOUSTIC
2026-08-12 13:29:20,623 INFO    station.fusion     STATE ACOUSTIC_TRACKING -> VISUAL_TRACKING  (YOLO confirmed the target)  priority=CAMERA
2026-08-12 13:29:20,670 INFO    station.fusion     STATE VISUAL_TRACKING -> VISUAL_LOST_ACOUSTIC_TRACKING  (visual track lost, acoustic still holds the target)  priority=ACOUSTIC
2026-08-12 13:29:20,673 INFO    station.fusion     STATE VISUAL_LOST_ACOUSTIC_TRACKING -> VISUAL_ACQUISITION  (re-cueing camera from acoustic bearing)  priority=ACOUSTIC
2026-08-12 13:29:20,673 INFO    station.fusion     STATE VISUAL_ACQUISITION -> ACOUSTIC_TRACKING  (target left camera range)  priority=ACOUSTIC
2026-08-12 13:29:20,722 INFO    station.fusion     STATE ACOUSTIC_TRACKING -> VISUAL_TRACKING  (YOLO confirmed the target)  priority=CAMERA
2026-08-12 13:29:21,037 INFO    station.fusion     STATE VISUAL_TRACKING -> VISUAL_LOST_ACOUSTIC_TRACKING  (visual track lost, acoustic still holds the target)  priority=ACOUSTIC
2026-08-12 13:29:21,037 INFO    station.fusion     STATE VISUAL_LOST_ACOUSTIC_TRACKING -> VISUAL_ACQUISITION  (re-cueing camera from acoustic bearing)  priority=ACOUSTIC
2026-08-12 13:29:21,037 INFO    station.fusion     STATE VISUAL_ACQUISITION -> ACOUSTIC_TRACKING  (target left camera range)  priority=ACOUSTIC
2026-08-12 13:29:21,121 INFO    station.fusion     STATE ACOUSTIC_TRACKING -> VISUAL_TRACKING  (YOLO confirmed the target)  priority=CAMERA
2026-08-12 13:29:21,137 INFO    station.fusion     STATE VISUAL_TRACKING -> VISUAL_LOST_ACOUSTIC_TRACKING  (visual track lost, acoustic still holds the target)  priority=ACOUSTIC
2026-08-12 13:29:21,137 INFO    station.fusion     STATE VISUAL_LOST_ACOUSTIC_TRACKING -> VISUAL_ACQUISITION  (re-cueing camera from acoustic bearing)  priority=ACOUSTIC
2026-08-12 13:29:21,137 INFO    station.fusion     STATE VISUAL_ACQUISITION -> ACOUSTIC_TRACKING  (target left camera range)  priority=ACOUSTIC
2026-08-12 13:29:21,187 INFO    station.fusion     STATE ACOUSTIC_TRACKING -> VISUAL_TRACKING  (YOLO confirmed the target)  priority=CAMERA
2026-08-12 13:29:21,522 INFO    station.fusion     STATE VISUAL_TRACKING -> VISUAL_LOST_ACOUSTIC_TRACKING  (visual track lost, acoustic still holds the target)  priority=ACOUSTIC
2026-08-12 13:29:21,522 INFO    station.fusion     STATE VISUAL_LOST_ACOUSTIC_TRACKING -> VISUAL_ACQUISITION  (re-cueing camera from acoustic bearing)  priority=ACOUSTIC
2026-08-12 13:29:21,522 INFO    station.fusion     STATE VISUAL_ACQUISITION -> ACOUSTIC_TRACKING  (target left camera range)  priority=ACOUSTIC
2026-08-12 13:29:21,587 INFO    station.fusion     STATE ACOUSTIC_TRACKING -> VISUAL_TRACKING  (YOLO confirmed the target)  priority=CAMERA
2026-08-12 13:29:21,638 INFO    station.fusion     STATE VISUAL_TRACKING -> VISUAL_LOST_ACOUSTIC_TRACKING  (visual track lost, acoustic still holds the target)  priority=ACOUSTIC
2026-08-12 13:29:21,638 INFO    station.fusion     STATE VISUAL_LOST_ACOUSTIC_TRACKING -> VISUAL_ACQUISITION  (re-cueing camera from acoustic bearing)  priority=ACOUSTIC
2026-08-12 13:29:21,638 INFO    station.fusion     STATE VISUAL_ACQUISITION -> ACOUSTIC_TRACKING  (target left camera range)  priority=ACOUSTIC
2026-08-12 13:29:21,688 INFO    station.fusion     STATE ACOUSTIC_TRACKING -> VISUAL_TRACKING  (YOLO confirmed the target)  priority=CAMERA
2026-08-12 13:29:22,012 INFO    station.fusion     STATE VISUAL_TRACKING -> VISUAL_LOST_ACOUSTIC_TRACKING  (visual track lost, acoustic still holds the target)  priority=ACOUSTIC
2026-08-12 13:29:22,012 INFO    station.fusion     STATE VISUAL_LOST_ACOUSTIC_TRACKING -> VISUAL_ACQUISITION  (re-cueing camera from acoustic bearing)  priority=ACOUSTIC
2026-08-12 13:29:22,012 INFO    station.fusion     STATE VISUAL_ACQUISITION -> ACOUSTIC_TRACKING  (target left camera range)  priority=ACOUSTIC
2026-08-12 13:29:22,087 INFO    station.fusion     STATE ACOUSTIC_TRACKING -> VISUAL_TRACKING  (YOLO confirmed the target)  priority=CAMERA
2026-08-12 13:29:22,104 INFO    station.fusion     STATE VISUAL_TRACKING -> VISUAL_LOST_ACOUSTIC_TRACKING  (visual track lost, acoustic still holds the target)  priority=ACOUSTIC
2026-08-12 13:29:22,104 INFO    station.fusion     STATE VISUAL_LOST_ACOUSTIC_TRACKING -> VISUAL_ACQUISITION  (re-cueing camera from acoustic bearing)  priority=ACOUSTIC
2026-08-12 13:29:22,120 INFO    station.fusion     STATE VISUAL_ACQUISITION -> ACOUSTIC_TRACKING  (target left camera range)  priority=ACOUSTIC
2026-08-12 13:29:22,171 INFO    station.fusion     STATE ACOUSTIC_TRACKING -> VISUAL_TRACKING  (YOLO confirmed the target)  priority=CAMERA
2026-08-12 13:29:22,471 INFO    station.fusion     STATE VISUAL_TRACKING -> VISUAL_LOST_ACOUSTIC_TRACKING  (visual track lost, acoustic still holds the target)  priority=ACOUSTIC
2026-08-12 13:29:22,471 INFO    station.fusion     STATE VISUAL_LOST_ACOUSTIC_TRACKING -> VISUAL_ACQUISITION  (re-cueing camera from acoustic bearing)  priority=ACOUSTIC
2026-08-12 13:29:22,471 INFO    station.fusion     STATE VISUAL_ACQUISITION -> ACOUSTIC_TRACKING  (target left camera range)  priority=ACOUSTIC
2026-08-12 13:29:22,554 INFO    station.fusion     STATE ACOUSTIC_TRACKING -> VISUAL_TRACKING  (YOLO confirmed the target)  priority=CAMERA
2026-08-12 13:29:22,603 INFO    station.fusion     STATE VISUAL_TRACKING -> VISUAL_LOST_ACOUSTIC_TRACKING  (visual track lost, acoustic still holds the target)  priority=ACOUSTIC
2026-08-12 13:29:22,606 INFO    station.fusion     STATE VISUAL_LOST_ACOUSTIC_TRACKING -> VISUAL_ACQUISITION  (re-cueing camera from acoustic bearing)  priority=ACOUSTIC
2026-08-12 13:29:22,606 INFO    station.fusion     STATE VISUAL_ACQUISITION -> ACOUSTIC_TRACKING  (target left camera range)  priority=ACOUSTIC
2026-08-12 13:29:22,656 INFO    station.fusion     STATE ACOUSTIC_TRACKING -> VISUAL_TRACKING  (YOLO confirmed the target)  priority=CAMERA
2026-08-12 13:29:22,987 INFO    station.fusion     STATE VISUAL_TRACKING -> VISUAL_LOST_ACOUSTIC_TRACKING  (visual track lost, acoustic still holds the target)  priority=ACOUSTIC
2026-08-12 13:29:22,987 INFO    station.fusion     STATE VISUAL_LOST_ACOUSTIC_TRACKING -> VISUAL_ACQUISITION  (re-cueing camera from acoustic bearing)  priority=ACOUSTIC
2026-08-12 13:29:22,987 INFO    station.fusion     STATE VISUAL_ACQUISITION -> ACOUSTIC_TRACKING  (target left camera range)  priority=ACOUSTIC
2026-08-12 13:29:23,056 INFO    station.fusion     STATE ACOUSTIC_TRACKING -> VISUAL_TRACKING  (YOLO confirmed the target)  priority=CAMERA
2026-08-12 13:29:23,089 INFO    station.fusion     STATE VISUAL_TRACKING -> VISUAL_LOST_ACOUSTIC_TRACKING  (visual track lost, acoustic still holds the target)  priority=ACOUSTIC
2026-08-12 13:29:23,089 INFO    station.fusion     STATE VISUAL_LOST_ACOUSTIC_TRACKING -> VISUAL_ACQUISITION  (re-cueing camera from acoustic bearing)  priority=ACOUSTIC
2026-08-12 13:29:23,089 INFO    station.fusion     STATE VISUAL_ACQUISITION -> ACOUSTIC_TRACKING  (target left camera range)  priority=ACOUSTIC
2026-08-12 13:29:23,139 INFO    station.fusion     STATE ACOUSTIC_TRACKING -> VISUAL_TRACKING  (YOLO confirmed the target)  priority=CAMERA
2026-08-12 13:29:23,461 INFO    station.fusion     STATE VISUAL_TRACKING -> VISUAL_LOST_ACOUSTIC_TRACKING  (visual track lost, acoustic still holds the target)  priority=ACOUSTIC
2026-08-12 13:29:23,461 INFO    station.fusion     STATE VISUAL_LOST_ACOUSTIC_TRACKING -> VISUAL_ACQUISITION  (re-cueing camera from acoustic bearing)  priority=ACOUSTIC
2026-08-12 13:29:23,461 INFO    station.fusion     STATE VISUAL_ACQUISITION -> ACOUSTIC_TRACKING  (target left camera range)  priority=ACOUSTIC
2026-08-12 13:29:23,539 INFO    station.fusion     STATE ACOUSTIC_TRACKING -> VISUAL_TRACKING  (YOLO confirmed the target)  priority=CAMERA
2026-08-12 13:29:23,572 INFO    station.fusion     STATE VISUAL_TRACKING -> VISUAL_LOST_ACOUSTIC_TRACKING  (visual track lost, acoustic still holds the target)  priority=ACOUSTIC
2026-08-12 13:29:23,572 INFO    station.fusion     STATE VISUAL_LOST_ACOUSTIC_TRACKING -> VISUAL_ACQUISITION  (re-cueing camera from acoustic bearing)  priority=ACOUSTIC
2026-08-12 13:29:23,572 INFO    station.fusion     STATE VISUAL_ACQUISITION -> ACOUSTIC_TRACKING  (target left camera range)  priority=ACOUSTIC
2026-08-12 13:29:23,623 INFO    station.fusion     STATE ACOUSTIC_TRACKING -> VISUAL_TRACKING  (YOLO confirmed the target)  priority=CAMERA
2026-08-12 13:29:23,945 INFO    station.fusion     STATE VISUAL_TRACKING -> VISUAL_LOST_ACOUSTIC_TRACKING  (visual track lost, acoustic still holds the target)  priority=ACOUSTIC
2026-08-12 13:29:23,953 INFO    station.fusion     STATE VISUAL_LOST_ACOUSTIC_TRACKING -> VISUAL_ACQUISITION  (re-cueing camera from acoustic bearing)  priority=ACOUSTIC
2026-08-12 13:29:23,956 INFO    station.fusion     STATE VISUAL_ACQUISITION -> ACOUSTIC_TRACKING  (target left camera range)  priority=ACOUSTIC
2026-08-12 13:29:24,030 INFO    station.fusion     STATE ACOUSTIC_TRACKING -> VISUAL_TRACKING  (YOLO confirmed the target)  priority=CAMERA
2026-08-12 13:29:24,056 INFO    station.fusion     STATE VISUAL_TRACKING -> VISUAL_LOST_ACOUSTIC_TRACKING  (visual track lost, acoustic still holds the target)  priority=ACOUSTIC
2026-08-12 13:29:24,056 INFO    station.fusion     STATE VISUAL_LOST_ACOUSTIC_TRACKING -> VISUAL_ACQUISITION  (re-cueing camera from acoustic bearing)  priority=ACOUSTIC
2026-08-12 13:29:24,056 INFO    station.fusion     STATE VISUAL_ACQUISITION -> ACOUSTIC_TRACKING  (target left camera range)  priority=ACOUSTIC
2026-08-12 13:29:24,104 INFO    station.fusion     STATE ACOUSTIC_TRACKING -> VISUAL_TRACKING  (YOLO confirmed the target)  priority=CAMERA
2026-08-12 13:29:24,429 INFO    station.fusion     STATE VISUAL_TRACKING -> VISUAL_LOST_ACOUSTIC_TRACKING  (visual track lost, acoustic still holds the target)  priority=ACOUSTIC
2026-08-12 13:29:24,429 INFO    station.fusion     STATE VISUAL_LOST_ACOUSTIC_TRACKING -> VISUAL_ACQUISITION  (re-cueing camera from acoustic bearing)  priority=ACOUSTIC
2026-08-12 13:29:24,429 INFO    station.fusion     STATE VISUAL_ACQUISITION -> ACOUSTIC_TRACKING  (target left camera range)  priority=ACOUSTIC
2026-08-12 13:29:24,511 INFO    station.fusion     STATE ACOUSTIC_TRACKING -> VISUAL_TRACKING  (YOLO confirmed the target)  priority=CAMERA
2026-08-12 13:29:24,554 INFO    station.fusion     STATE VISUAL_TRACKING -> VISUAL_LOST_ACOUSTIC_TRACKING  (visual track lost, acoustic still holds the target)  priority=ACOUSTIC
2026-08-12 13:29:24,554 INFO    station.fusion     STATE VISUAL_LOST_ACOUSTIC_TRACKING -> VISUAL_ACQUISITION  (re-cueing camera from acoustic bearing)  priority=ACOUSTIC
2026-08-12 13:29:24,554 INFO    station.fusion     STATE VISUAL_ACQUISITION -> ACOUSTIC_TRACKING  (target left camera range)  priority=ACOUSTIC
2026-08-12 13:29:24,604 INFO    station.fusion     STATE ACOUSTIC_TRACKING -> VISUAL_TRACKING  (YOLO confirmed the target)  priority=CAMERA
2026-08-12 13:29:24,922 INFO    station.fusion     STATE VISUAL_TRACKING -> VISUAL_LOST_ACOUSTIC_TRACKING  (visual track lost, acoustic still holds the target)  priority=ACOUSTIC
2026-08-12 13:29:24,922 INFO    station.fusion     STATE VISUAL_LOST_ACOUSTIC_TRACKING -> VISUAL_ACQUISITION  (re-cueing camera from acoustic bearing)  priority=ACOUSTIC
2026-08-12 13:29:24,936 INFO    station.fusion     STATE VISUAL_ACQUISITION -> ACOUSTIC_TRACKING  (target left camera range)  priority=ACOUSTIC
2026-08-12 13:29:25,011 INFO    station.fusion     STATE ACOUSTIC_TRACKING -> VISUAL_TRACKING  (YOLO confirmed the target)  priority=CAMERA
2026-08-12 13:29:25,037 INFO    station.fusion     STATE VISUAL_TRACKING -> VISUAL_LOST_ACOUSTIC_TRACKING  (visual track lost, acoustic still holds the target)  priority=ACOUSTIC
2026-08-12 13:29:25,037 INFO    station.fusion     STATE VISUAL_LOST_ACOUSTIC_TRACKING -> VISUAL_ACQUISITION  (re-cueing camera from acoustic bearing)  priority=ACOUSTIC
2026-08-12 13:29:25,037 INFO    station.fusion     STATE VISUAL_ACQUISITION -> ACOUSTIC_TRACKING  (target left camera range)  priority=ACOUSTIC
2026-08-12 13:29:25,087 INFO    station.fusion     STATE ACOUSTIC_TRACKING -> VISUAL_TRACKING  (YOLO confirmed the target)  priority=CAMERA
2026-08-12 13:29:25,404 INFO    station.fusion     STATE VISUAL_TRACKING -> VISUAL_LOST_ACOUSTIC_TRACKING  (visual track lost, acoustic still holds the target)  priority=ACOUSTIC
2026-08-12 13:29:25,404 INFO    station.fusion     STATE VISUAL_LOST_ACOUSTIC_TRACKING -> VISUAL_ACQUISITION  (re-cueing camera from acoustic bearing)  priority=ACOUSTIC
2026-08-12 13:29:25,404 INFO    station.fusion     STATE VISUAL_ACQUISITION -> ACOUSTIC_TRACKING  (target left camera range)  priority=ACOUSTIC
2026-08-12 13:29:25,487 INFO    station.fusion     STATE ACOUSTIC_TRACKING -> VISUAL_TRACKING  (YOLO confirmed the target)  priority=CAMERA
2026-08-12 13:29:25,522 INFO    station.fusion     STATE VISUAL_TRACKING -> VISUAL_LOST_ACOUSTIC_TRACKING  (visual track lost, acoustic still holds the target)  priority=ACOUSTIC
2026-08-12 13:29:25,522 INFO    station.fusion     STATE VISUAL_LOST_ACOUSTIC_TRACKING -> VISUAL_ACQUISITION  (re-cueing camera from acoustic bearing)  priority=ACOUSTIC
2026-08-12 13:29:25,522 INFO    station.fusion     STATE VISUAL_ACQUISITION -> ACOUSTIC_TRACKING  (target left camera range)  priority=ACOUSTIC
2026-08-12 13:29:25,570 INFO    station.fusion     STATE ACOUSTIC_TRACKING -> VISUAL_TRACKING  (YOLO confirmed the target)  priority=CAMERA
2026-08-12 13:29:25,905 INFO    station.fusion     STATE VISUAL_TRACKING -> VISUAL_LOST_ACOUSTIC_TRACKING  (visual track lost, acoustic still holds the target)  priority=ACOUSTIC
2026-08-12 13:29:25,905 INFO    station.fusion     STATE VISUAL_LOST_ACOUSTIC_TRACKING -> VISUAL_ACQUISITION  (re-cueing camera from acoustic bearing)  priority=ACOUSTIC
2026-08-12 13:29:25,905 INFO    station.fusion     STATE VISUAL_ACQUISITION -> ACOUSTIC_TRACKING  (target left camera range)  priority=ACOUSTIC
2026-08-12 13:29:25,972 INFO    station.fusion     STATE ACOUSTIC_TRACKING -> VISUAL_TRACKING  (YOLO confirmed the target)  priority=CAMERA
2026-08-12 13:29:26,011 INFO    station.fusion     STATE VISUAL_TRACKING -> VISUAL_LOST_ACOUSTIC_TRACKING  (visual track lost, acoustic still holds the target)  priority=ACOUSTIC
2026-08-12 13:29:26,011 INFO    station.fusion     STATE VISUAL_LOST_ACOUSTIC_TRACKING -> VISUAL_ACQUISITION  (re-cueing camera from acoustic bearing)  priority=ACOUSTIC
2026-08-12 13:29:26,011 INFO    station.fusion     STATE VISUAL_ACQUISITION -> ACOUSTIC_TRACKING  (target left camera range)  priority=ACOUSTIC
2026-08-12 13:29:26,070 INFO    station.fusion     STATE ACOUSTIC_TRACKING -> VISUAL_TRACKING  (YOLO confirmed the target)  priority=CAMERA
2026-08-12 13:29:26,387 INFO    station.fusion     STATE SEARCHING -> ACOUSTIC_DETECTED  (acoustic contact)  priority=ACOUSTIC
2026-08-12 13:29:26,387 INFO    station.fusion     STATE ACOUSTIC_DETECTED -> ACOUSTIC_TRACKING  (acoustic alarm confirmed)  priority=ACOUSTIC
2026-08-12 13:29:26,387 INFO    station.fusion     STATE SEARCHING -> ACOUSTIC_DETECTED  (acoustic contact)  priority=ACOUSTIC
2026-08-12 13:29:26,387 INFO    station.fusion     STATE ACOUSTIC_DETECTED -> ACOUSTIC_TRACKING  (acoustic alarm confirmed)  priority=ACOUSTIC
2026-08-12 13:29:26,387 INFO    station.fusion     STATE ACOUSTIC_TRACKING -> VISUAL_ACQUISITION  (acoustic confirmed; range unknown, acquiring anyway)  priority=ACOUSTIC
2026-08-12 13:29:26,387 INFO    station.fusion     STATE SEARCHING -> ACOUSTIC_DETECTED  (acoustic contact)  priority=ACOUSTIC
2026-08-12 13:29:26,387 INFO    station.fusion     STATE ACOUSTIC_DETECTED -> ACOUSTIC_TRACKING  (acoustic alarm confirmed)  priority=ACOUSTIC
2026-08-12 13:29:26,420 INFO    station.fusion     STATE ACOUSTIC_TRACKING -> TARGET_LOST  (both sensors lost the target (9.0s without contact))  priority=NONE
2026-08-12 13:29:28,412 INFO    station.fusion     STATE SEARCHING -> ACOUSTIC_DETECTED  (acoustic contact)  priority=ACOUSTIC
2026-08-12 13:29:28,412 INFO    station.fusion     STATE SEARCHING -> ACOUSTIC_DETECTED  (acoustic contact)  priority=ACOUSTIC
2026-08-12 13:29:28,412 INFO    station.fusion     STATE ACOUSTIC_DETECTED -> ACOUSTIC_TRACKING  (acoustic alarm confirmed)  priority=ACOUSTIC
2026-08-12 13:29:28,412 INFO    station.fusion     STATE ACOUSTIC_TRACKING -> VISUAL_TRACKING  (YOLO confirmed the target)  priority=CAMERA
2026-08-12 13:29:28,412 INFO    station.fusion     STATE SEARCHING -> ACOUSTIC_DETECTED  (acoustic contact)  priority=ACOUSTIC
2026-08-12 13:29:28,412 INFO    station.fusion     STATE ACOUSTIC_DETECTED -> ACOUSTIC_TRACKING  (acoustic alarm confirmed)  priority=ACOUSTIC
2026-08-12 13:29:28,412 INFO    station.fusion     STATE ACOUSTIC_TRACKING -> VISUAL_TRACKING  (YOLO confirmed the target)  priority=CAMERA
2026-08-12 13:29:28,412 INFO    station.fusion     STATE VISUAL_TRACKING -> VISUAL_LOST_ACOUSTIC_TRACKING  (visual track lost, acoustic still holds the target)  priority=ACOUSTIC
2026-08-12 13:29:28,412 INFO    station.fusion     STATE SEARCHING -> ACOUSTIC_DETECTED  (acoustic contact)  priority=ACOUSTIC
2026-08-12 13:29:28,412 INFO    station.fusion     STATE ACOUSTIC_DETECTED -> ACOUSTIC_TRACKING  (acoustic alarm confirmed)  priority=ACOUSTIC
2026-08-12 13:29:28,412 INFO    station.fusion     STATE SEARCHING -> ACOUSTIC_DETECTED  (acoustic contact)  priority=ACOUSTIC
2026-08-12 13:29:28,419 INFO    station.fusion     STATE ACOUSTIC_DETECTED -> ACOUSTIC_TRACKING  (acoustic alarm confirmed)  priority=ACOUSTIC
2026-08-12 13:33:56,260 INFO    station.fusion     STATE SEARCHING -> ACOUSTIC_DETECTED  (acoustic contact)  priority=ACOUSTIC
2026-08-12 13:33:56,260 INFO    station.fusion     STATE ACOUSTIC_DETECTED -> ACOUSTIC_TRACKING  (acoustic alarm confirmed)  priority=ACOUSTIC
2026-08-12 13:33:56,260 INFO    station.fusion     STATE ACOUSTIC_TRACKING -> VISUAL_TRACKING  (YOLO confirmed the target)  priority=CAMERA
2026-08-12 13:33:56,274 INFO    station.fusion     STATE SEARCHING -> ACOUSTIC_DETECTED  (acoustic contact)  priority=ACOUSTIC
2026-08-12 13:33:56,274 INFO    station.fusion     STATE ACOUSTIC_DETECTED -> ACOUSTIC_TRACKING  (acoustic alarm confirmed)  priority=ACOUSTIC
2026-08-12 13:33:56,274 INFO    station.fusion     STATE ACOUSTIC_TRACKING -> VISUAL_TRACKING  (YOLO confirmed the target)  priority=CAMERA
2026-08-12 13:33:56,274 INFO    station.fusion     STATE VISUAL_TRACKING -> VISUAL_LOST_ACOUSTIC_TRACKING  (visual track lost, acoustic still holds the target)  priority=ACOUSTIC
2026-08-12 13:33:56,274 INFO    station.fusion     STATE VISUAL_LOST_ACOUSTIC_TRACKING -> VISUAL_ACQUISITION  (re-cueing camera from acoustic bearing)  priority=ACOUSTIC
2026-08-12 13:33:56,281 INFO    station.fusion     STATE VISUAL_ACQUISITION -> ACOUSTIC_TRACKING  (camera offline, reverting to acoustic)  priority=ACOUSTIC
2026-08-12 13:33:56,282 INFO    station.fusion     STATE SEARCHING -> ACOUSTIC_DETECTED  (acoustic contact)  priority=ACOUSTIC
2026-08-12 13:33:56,282 INFO    station.fusion     STATE ACOUSTIC_DETECTED -> ACOUSTIC_TRACKING  (acoustic alarm confirmed)  priority=ACOUSTIC
2026-08-12 13:33:56,340 INFO    station.fusion     STATE ACOUSTIC_TRACKING -> VISUAL_TRACKING  (YOLO confirmed the target)  priority=CAMERA
2026-08-12 13:33:56,658 INFO    station.fusion     STATE VISUAL_TRACKING -> VISUAL_LOST_ACOUSTIC_TRACKING  (visual track lost, acoustic still holds the target)  priority=ACOUSTIC
2026-08-12 13:33:56,658 INFO    station.fusion     STATE VISUAL_LOST_ACOUSTIC_TRACKING -> VISUAL_ACQUISITION  (re-cueing camera from acoustic bearing)  priority=ACOUSTIC
2026-08-12 13:33:56,658 INFO    station.fusion     STATE VISUAL_ACQUISITION -> ACOUSTIC_TRACKING  (target left camera range)  priority=ACOUSTIC
2026-08-12 13:33:56,741 INFO    station.fusion     STATE ACOUSTIC_TRACKING -> VISUAL_TRACKING  (YOLO confirmed the target)  priority=CAMERA
2026-08-12 13:33:56,781 INFO    station.fusion     STATE VISUAL_TRACKING -> VISUAL_LOST_ACOUSTIC_TRACKING  (visual track lost, acoustic still holds the target)  priority=ACOUSTIC
2026-08-12 13:33:56,782 INFO    station.fusion     STATE VISUAL_LOST_ACOUSTIC_TRACKING -> VISUAL_ACQUISITION  (re-cueing camera from acoustic bearing)  priority=ACOUSTIC
2026-08-12 13:33:56,782 INFO    station.fusion     STATE VISUAL_ACQUISITION -> ACOUSTIC_TRACKING  (target left camera range)  priority=ACOUSTIC
2026-08-12 13:33:56,841 INFO    station.fusion     STATE ACOUSTIC_TRACKING -> VISUAL_TRACKING  (YOLO confirmed the target)  priority=CAMERA
2026-08-12 13:33:57,159 INFO    station.fusion     STATE VISUAL_TRACKING -> VISUAL_LOST_ACOUSTIC_TRACKING  (visual track lost, acoustic still holds the target)  priority=ACOUSTIC
2026-08-12 13:33:57,159 INFO    station.fusion     STATE VISUAL_LOST_ACOUSTIC_TRACKING -> VISUAL_ACQUISITION  (re-cueing camera from acoustic bearing)  priority=ACOUSTIC
2026-08-12 13:33:57,159 INFO    station.fusion     STATE VISUAL_ACQUISITION -> ACOUSTIC_TRACKING  (target left camera range)  priority=ACOUSTIC
2026-08-12 13:33:57,243 INFO    station.fusion     STATE ACOUSTIC_TRACKING -> VISUAL_TRACKING  (YOLO confirmed the target)  priority=CAMERA
2026-08-12 13:33:57,281 INFO    station.fusion     STATE VISUAL_TRACKING -> VISUAL_LOST_ACOUSTIC_TRACKING  (visual track lost, acoustic still holds the target)  priority=ACOUSTIC
2026-08-12 13:33:57,281 INFO    station.fusion     STATE VISUAL_LOST_ACOUSTIC_TRACKING -> VISUAL_ACQUISITION  (re-cueing camera from acoustic bearing)  priority=ACOUSTIC
2026-08-12 13:33:57,281 INFO    station.fusion     STATE VISUAL_ACQUISITION -> ACOUSTIC_TRACKING  (target left camera range)  priority=ACOUSTIC
2026-08-12 13:33:57,333 INFO    station.fusion     STATE ACOUSTIC_TRACKING -> VISUAL_TRACKING  (YOLO confirmed the target)  priority=CAMERA
2026-08-12 13:33:57,657 INFO    station.fusion     STATE VISUAL_TRACKING -> VISUAL_LOST_ACOUSTIC_TRACKING  (visual track lost, acoustic still holds the target)  priority=ACOUSTIC
2026-08-12 13:33:57,657 INFO    station.fusion     STATE VISUAL_LOST_ACOUSTIC_TRACKING -> VISUAL_ACQUISITION  (re-cueing camera from acoustic bearing)  priority=ACOUSTIC
2026-08-12 13:33:57,659 INFO    station.fusion     STATE VISUAL_ACQUISITION -> ACOUSTIC_TRACKING  (target left camera range)  priority=ACOUSTIC
2026-08-12 13:33:57,726 INFO    station.fusion     STATE ACOUSTIC_TRACKING -> VISUAL_TRACKING  (YOLO confirmed the target)  priority=CAMERA
2026-08-12 13:33:57,759 INFO    station.fusion     STATE VISUAL_TRACKING -> VISUAL_LOST_ACOUSTIC_TRACKING  (visual track lost, acoustic still holds the target)  priority=ACOUSTIC
2026-08-12 13:33:57,774 INFO    station.fusion     STATE VISUAL_LOST_ACOUSTIC_TRACKING -> VISUAL_ACQUISITION  (re-cueing camera from acoustic bearing)  priority=ACOUSTIC
2026-08-12 13:33:57,774 INFO    station.fusion     STATE VISUAL_ACQUISITION -> ACOUSTIC_TRACKING  (target left camera range)  priority=ACOUSTIC
2026-08-12 13:33:57,833 INFO    station.fusion     STATE ACOUSTIC_TRACKING -> VISUAL_TRACKING  (YOLO confirmed the target)  priority=CAMERA
2026-08-12 13:33:58,143 INFO    station.fusion     STATE VISUAL_TRACKING -> VISUAL_LOST_ACOUSTIC_TRACKING  (visual track lost, acoustic still holds the target)  priority=ACOUSTIC
2026-08-12 13:33:58,143 INFO    station.fusion     STATE VISUAL_LOST_ACOUSTIC_TRACKING -> VISUAL_ACQUISITION  (re-cueing camera from acoustic bearing)  priority=ACOUSTIC
2026-08-12 13:33:58,158 INFO    station.fusion     STATE VISUAL_ACQUISITION -> ACOUSTIC_TRACKING  (target left camera range)  priority=ACOUSTIC
2026-08-12 13:33:58,225 INFO    station.fusion     STATE ACOUSTIC_TRACKING -> VISUAL_TRACKING  (YOLO confirmed the target)  priority=CAMERA
2026-08-12 13:33:58,259 INFO    station.fusion     STATE VISUAL_TRACKING -> VISUAL_LOST_ACOUSTIC_TRACKING  (visual track lost, acoustic still holds the target)  priority=ACOUSTIC
2026-08-12 13:33:58,259 INFO    station.fusion     STATE VISUAL_LOST_ACOUSTIC_TRACKING -> VISUAL_ACQUISITION  (re-cueing camera from acoustic bearing)  priority=ACOUSTIC
2026-08-12 13:33:58,259 INFO    station.fusion     STATE VISUAL_ACQUISITION -> ACOUSTIC_TRACKING  (target left camera range)  priority=ACOUSTIC
2026-08-12 13:33:58,324 INFO    station.fusion     STATE ACOUSTIC_TRACKING -> VISUAL_TRACKING  (YOLO confirmed the target)  priority=CAMERA
2026-08-12 13:33:58,640 INFO    station.fusion     STATE VISUAL_TRACKING -> VISUAL_LOST_ACOUSTIC_TRACKING  (visual track lost, acoustic still holds the target)  priority=ACOUSTIC
2026-08-12 13:33:58,640 INFO    station.fusion     STATE VISUAL_LOST_ACOUSTIC_TRACKING -> VISUAL_ACQUISITION  (re-cueing camera from acoustic bearing)  priority=ACOUSTIC
2026-08-12 13:33:58,640 INFO    station.fusion     STATE VISUAL_ACQUISITION -> ACOUSTIC_TRACKING  (target left camera range)  priority=ACOUSTIC
2026-08-12 13:33:58,707 INFO    station.fusion     STATE ACOUSTIC_TRACKING -> VISUAL_TRACKING  (YOLO confirmed the target)  priority=CAMERA
2026-08-12 13:33:58,757 INFO    station.fusion     STATE VISUAL_TRACKING -> VISUAL_LOST_ACOUSTIC_TRACKING  (visual track lost, acoustic still holds the target)  priority=ACOUSTIC
2026-08-12 13:33:58,757 INFO    station.fusion     STATE VISUAL_LOST_ACOUSTIC_TRACKING -> VISUAL_ACQUISITION  (re-cueing camera from acoustic bearing)  priority=ACOUSTIC
2026-08-12 13:33:58,757 INFO    station.fusion     STATE VISUAL_ACQUISITION -> ACOUSTIC_TRACKING  (target left camera range)  priority=ACOUSTIC
2026-08-12 13:33:58,806 INFO    station.fusion     STATE ACOUSTIC_TRACKING -> VISUAL_TRACKING  (YOLO confirmed the target)  priority=CAMERA
2026-08-12 13:33:59,125 INFO    station.fusion     STATE VISUAL_TRACKING -> VISUAL_LOST_ACOUSTIC_TRACKING  (visual track lost, acoustic still holds the target)  priority=ACOUSTIC
2026-08-12 13:33:59,125 INFO    station.fusion     STATE VISUAL_LOST_ACOUSTIC_TRACKING -> VISUAL_ACQUISITION  (re-cueing camera from acoustic bearing)  priority=ACOUSTIC
2026-08-12 13:33:59,125 INFO    station.fusion     STATE VISUAL_ACQUISITION -> ACOUSTIC_TRACKING  (target left camera range)  priority=ACOUSTIC
2026-08-12 13:33:59,191 INFO    station.fusion     STATE ACOUSTIC_TRACKING -> VISUAL_TRACKING  (YOLO confirmed the target)  priority=CAMERA
2026-08-12 13:33:59,226 INFO    station.fusion     STATE VISUAL_TRACKING -> VISUAL_LOST_ACOUSTIC_TRACKING  (visual track lost, acoustic still holds the target)  priority=ACOUSTIC
2026-08-12 13:33:59,226 INFO    station.fusion     STATE VISUAL_LOST_ACOUSTIC_TRACKING -> VISUAL_ACQUISITION  (re-cueing camera from acoustic bearing)  priority=ACOUSTIC
2026-08-12 13:33:59,226 INFO    station.fusion     STATE VISUAL_ACQUISITION -> ACOUSTIC_TRACKING  (target left camera range)  priority=ACOUSTIC
2026-08-12 13:33:59,284 INFO    station.fusion     STATE ACOUSTIC_TRACKING -> VISUAL_TRACKING  (YOLO confirmed the target)  priority=CAMERA
2026-08-12 13:33:59,591 INFO    station.fusion     STATE VISUAL_TRACKING -> VISUAL_LOST_ACOUSTIC_TRACKING  (visual track lost, acoustic still holds the target)  priority=ACOUSTIC
2026-08-12 13:33:59,591 INFO    station.fusion     STATE VISUAL_LOST_ACOUSTIC_TRACKING -> VISUAL_ACQUISITION  (re-cueing camera from acoustic bearing)  priority=ACOUSTIC
2026-08-12 13:33:59,591 INFO    station.fusion     STATE VISUAL_ACQUISITION -> ACOUSTIC_TRACKING  (target left camera range)  priority=ACOUSTIC
2026-08-12 13:33:59,675 INFO    station.fusion     STATE ACOUSTIC_TRACKING -> VISUAL_TRACKING  (YOLO confirmed the target)  priority=CAMERA
2026-08-12 13:33:59,708 INFO    station.fusion     STATE VISUAL_TRACKING -> VISUAL_LOST_ACOUSTIC_TRACKING  (visual track lost, acoustic still holds the target)  priority=ACOUSTIC
2026-08-12 13:33:59,708 INFO    station.fusion     STATE VISUAL_LOST_ACOUSTIC_TRACKING -> VISUAL_ACQUISITION  (re-cueing camera from acoustic bearing)  priority=ACOUSTIC
2026-08-12 13:33:59,708 INFO    station.fusion     STATE VISUAL_ACQUISITION -> ACOUSTIC_TRACKING  (target left camera range)  priority=ACOUSTIC
2026-08-12 13:33:59,766 INFO    station.fusion     STATE ACOUSTIC_TRACKING -> VISUAL_TRACKING  (YOLO confirmed the target)  priority=CAMERA
2026-08-12 13:34:00,090 INFO    station.fusion     STATE VISUAL_TRACKING -> VISUAL_LOST_ACOUSTIC_TRACKING  (visual track lost, acoustic still holds the target)  priority=ACOUSTIC
2026-08-12 13:34:00,091 INFO    station.fusion     STATE VISUAL_LOST_ACOUSTIC_TRACKING -> VISUAL_ACQUISITION  (re-cueing camera from acoustic bearing)  priority=ACOUSTIC
2026-08-12 13:34:00,091 INFO    station.fusion     STATE VISUAL_ACQUISITION -> ACOUSTIC_TRACKING  (target left camera range)  priority=ACOUSTIC
2026-08-12 13:34:00,158 INFO    station.fusion     STATE ACOUSTIC_TRACKING -> VISUAL_TRACKING  (YOLO confirmed the target)  priority=CAMERA
2026-08-12 13:34:00,191 INFO    station.fusion     STATE VISUAL_TRACKING -> VISUAL_LOST_ACOUSTIC_TRACKING  (visual track lost, acoustic still holds the target)  priority=ACOUSTIC
2026-08-12 13:34:00,191 INFO    station.fusion     STATE VISUAL_LOST_ACOUSTIC_TRACKING -> VISUAL_ACQUISITION  (re-cueing camera from acoustic bearing)  priority=ACOUSTIC
2026-08-12 13:34:00,191 INFO    station.fusion     STATE VISUAL_ACQUISITION -> ACOUSTIC_TRACKING  (target left camera range)  priority=ACOUSTIC
2026-08-12 13:34:00,251 INFO    station.fusion     STATE ACOUSTIC_TRACKING -> VISUAL_TRACKING  (YOLO confirmed the target)  priority=CAMERA
2026-08-12 13:34:00,557 INFO    station.fusion     STATE VISUAL_TRACKING -> VISUAL_LOST_ACOUSTIC_TRACKING  (visual track lost, acoustic still holds the target)  priority=ACOUSTIC
2026-08-12 13:34:00,574 INFO    station.fusion     STATE VISUAL_LOST_ACOUSTIC_TRACKING -> VISUAL_ACQUISITION  (re-cueing camera from acoustic bearing)  priority=ACOUSTIC
2026-08-12 13:34:00,574 INFO    station.fusion     STATE VISUAL_ACQUISITION -> ACOUSTIC_TRACKING  (target left camera range)  priority=ACOUSTIC
2026-08-12 13:34:00,641 INFO    station.fusion     STATE ACOUSTIC_TRACKING -> VISUAL_TRACKING  (YOLO confirmed the target)  priority=CAMERA
2026-08-12 13:34:00,674 INFO    station.fusion     STATE VISUAL_TRACKING -> VISUAL_LOST_ACOUSTIC_TRACKING  (visual track lost, acoustic still holds the target)  priority=ACOUSTIC
2026-08-12 13:34:00,691 INFO    station.fusion     STATE VISUAL_LOST_ACOUSTIC_TRACKING -> VISUAL_ACQUISITION  (re-cueing camera from acoustic bearing)  priority=ACOUSTIC
2026-08-12 13:34:00,691 INFO    station.fusion     STATE VISUAL_ACQUISITION -> ACOUSTIC_TRACKING  (target left camera range)  priority=ACOUSTIC
2026-08-12 13:34:00,741 INFO    station.fusion     STATE ACOUSTIC_TRACKING -> VISUAL_TRACKING  (YOLO confirmed the target)  priority=CAMERA
2026-08-12 13:34:01,057 INFO    station.fusion     STATE VISUAL_TRACKING -> VISUAL_LOST_ACOUSTIC_TRACKING  (visual track lost, acoustic still holds the target)  priority=ACOUSTIC
2026-08-12 13:34:01,057 INFO    station.fusion     STATE VISUAL_LOST_ACOUSTIC_TRACKING -> VISUAL_ACQUISITION  (re-cueing camera from acoustic bearing)  priority=ACOUSTIC
2026-08-12 13:34:01,057 INFO    station.fusion     STATE VISUAL_ACQUISITION -> ACOUSTIC_TRACKING  (target left camera range)  priority=ACOUSTIC
2026-08-12 13:34:01,140 INFO    station.fusion     STATE ACOUSTIC_TRACKING -> VISUAL_TRACKING  (YOLO confirmed the target)  priority=CAMERA
2026-08-12 13:34:01,157 INFO    station.fusion     STATE VISUAL_TRACKING -> VISUAL_LOST_ACOUSTIC_TRACKING  (visual track lost, acoustic still holds the target)  priority=ACOUSTIC
2026-08-12 13:34:01,173 INFO    station.fusion     STATE VISUAL_LOST_ACOUSTIC_TRACKING -> VISUAL_ACQUISITION  (re-cueing camera from acoustic bearing)  priority=ACOUSTIC
2026-08-12 13:34:01,174 INFO    station.fusion     STATE VISUAL_ACQUISITION -> ACOUSTIC_TRACKING  (target left camera range)  priority=ACOUSTIC
2026-08-12 13:34:01,225 INFO    station.fusion     STATE ACOUSTIC_TRACKING -> VISUAL_TRACKING  (YOLO confirmed the target)  priority=CAMERA
2026-08-12 13:34:01,556 INFO    station.fusion     STATE VISUAL_TRACKING -> VISUAL_LOST_ACOUSTIC_TRACKING  (visual track lost, acoustic still holds the target)  priority=ACOUSTIC
2026-08-12 13:34:01,556 INFO    station.fusion     STATE VISUAL_LOST_ACOUSTIC_TRACKING -> VISUAL_ACQUISITION  (re-cueing camera from acoustic bearing)  priority=ACOUSTIC
2026-08-12 13:34:01,556 INFO    station.fusion     STATE VISUAL_ACQUISITION -> ACOUSTIC_TRACKING  (target left camera range)  priority=ACOUSTIC
2026-08-12 13:34:01,640 INFO    station.fusion     STATE ACOUSTIC_TRACKING -> VISUAL_TRACKING  (YOLO confirmed the target)  priority=CAMERA
2026-08-12 13:34:01,673 INFO    station.fusion     STATE VISUAL_TRACKING -> VISUAL_LOST_ACOUSTIC_TRACKING  (visual track lost, acoustic still holds the target)  priority=ACOUSTIC
2026-08-12 13:34:01,681 INFO    station.fusion     STATE VISUAL_LOST_ACOUSTIC_TRACKING -> VISUAL_ACQUISITION  (re-cueing camera from acoustic bearing)  priority=ACOUSTIC
2026-08-12 13:34:01,682 INFO    station.fusion     STATE VISUAL_ACQUISITION -> ACOUSTIC_TRACKING  (target left camera range)  priority=ACOUSTIC
2026-08-12 13:34:01,740 INFO    station.fusion     STATE ACOUSTIC_TRACKING -> VISUAL_TRACKING  (YOLO confirmed the target)  priority=CAMERA
2026-08-12 13:34:02,059 INFO    station.fusion     STATE VISUAL_TRACKING -> VISUAL_LOST_ACOUSTIC_TRACKING  (visual track lost, acoustic still holds the target)  priority=ACOUSTIC
2026-08-12 13:34:02,059 INFO    station.fusion     STATE VISUAL_LOST_ACOUSTIC_TRACKING -> VISUAL_ACQUISITION  (re-cueing camera from acoustic bearing)  priority=ACOUSTIC
2026-08-12 13:34:02,059 INFO    station.fusion     STATE VISUAL_ACQUISITION -> ACOUSTIC_TRACKING  (target left camera range)  priority=ACOUSTIC
2026-08-12 13:34:02,133 INFO    station.fusion     STATE ACOUSTIC_TRACKING -> VISUAL_TRACKING  (YOLO confirmed the target)  priority=CAMERA
2026-08-12 13:34:02,164 INFO    station.fusion     STATE VISUAL_TRACKING -> VISUAL_LOST_ACOUSTIC_TRACKING  (visual track lost, acoustic still holds the target)  priority=ACOUSTIC
2026-08-12 13:34:02,166 INFO    station.fusion     STATE VISUAL_LOST_ACOUSTIC_TRACKING -> VISUAL_ACQUISITION  (re-cueing camera from acoustic bearing)  priority=ACOUSTIC
2026-08-12 13:34:02,166 INFO    station.fusion     STATE VISUAL_ACQUISITION -> ACOUSTIC_TRACKING  (target left camera range)  priority=ACOUSTIC
2026-08-12 13:34:02,209 INFO    station.fusion     STATE ACOUSTIC_TRACKING -> VISUAL_TRACKING  (YOLO confirmed the target)  priority=CAMERA
2026-08-12 13:34:02,542 INFO    station.fusion     STATE VISUAL_TRACKING -> VISUAL_LOST_ACOUSTIC_TRACKING  (visual track lost, acoustic still holds the target)  priority=ACOUSTIC
2026-08-12 13:34:02,542 INFO    station.fusion     STATE VISUAL_LOST_ACOUSTIC_TRACKING -> VISUAL_ACQUISITION  (re-cueing camera from acoustic bearing)  priority=ACOUSTIC
2026-08-12 13:34:02,542 INFO    station.fusion     STATE VISUAL_ACQUISITION -> ACOUSTIC_TRACKING  (target left camera range)  priority=ACOUSTIC
2026-08-12 13:34:02,623 INFO    station.fusion     STATE ACOUSTIC_TRACKING -> VISUAL_TRACKING  (YOLO confirmed the target)  priority=CAMERA
2026-08-12 13:34:02,658 INFO    station.fusion     STATE VISUAL_TRACKING -> VISUAL_LOST_ACOUSTIC_TRACKING  (visual track lost, acoustic still holds the target)  priority=ACOUSTIC
2026-08-12 13:34:02,658 INFO    station.fusion     STATE VISUAL_LOST_ACOUSTIC_TRACKING -> VISUAL_ACQUISITION  (re-cueing camera from acoustic bearing)  priority=ACOUSTIC
2026-08-12 13:34:02,658 INFO    station.fusion     STATE VISUAL_ACQUISITION -> ACOUSTIC_TRACKING  (target left camera range)  priority=ACOUSTIC
2026-08-12 13:34:02,709 INFO    station.fusion     STATE ACOUSTIC_TRACKING -> VISUAL_TRACKING  (YOLO confirmed the target)  priority=CAMERA
2026-08-12 13:34:03,034 INFO    station.fusion     STATE VISUAL_TRACKING -> VISUAL_LOST_ACOUSTIC_TRACKING  (visual track lost, acoustic still holds the target)  priority=ACOUSTIC
2026-08-12 13:34:03,034 INFO    station.fusion     STATE VISUAL_LOST_ACOUSTIC_TRACKING -> VISUAL_ACQUISITION  (re-cueing camera from acoustic bearing)  priority=ACOUSTIC
2026-08-12 13:34:03,041 INFO    station.fusion     STATE VISUAL_ACQUISITION -> ACOUSTIC_TRACKING  (target left camera range)  priority=ACOUSTIC
2026-08-12 13:34:03,107 INFO    station.fusion     STATE ACOUSTIC_TRACKING -> VISUAL_TRACKING  (YOLO confirmed the target)  priority=CAMERA
2026-08-12 13:34:03,140 INFO    station.fusion     STATE VISUAL_TRACKING -> VISUAL_LOST_ACOUSTIC_TRACKING  (visual track lost, acoustic still holds the target)  priority=ACOUSTIC
2026-08-12 13:34:03,140 INFO    station.fusion     STATE VISUAL_LOST_ACOUSTIC_TRACKING -> VISUAL_ACQUISITION  (re-cueing camera from acoustic bearing)  priority=ACOUSTIC
2026-08-12 13:34:03,140 INFO    station.fusion     STATE VISUAL_ACQUISITION -> ACOUSTIC_TRACKING  (target left camera range)  priority=ACOUSTIC
2026-08-12 13:34:03,192 INFO    station.fusion     STATE ACOUSTIC_TRACKING -> VISUAL_TRACKING  (YOLO confirmed the target)  priority=CAMERA
2026-08-12 13:34:03,525 INFO    station.fusion     STATE VISUAL_TRACKING -> VISUAL_LOST_ACOUSTIC_TRACKING  (visual track lost, acoustic still holds the target)  priority=ACOUSTIC
2026-08-12 13:34:03,525 INFO    station.fusion     STATE VISUAL_LOST_ACOUSTIC_TRACKING -> VISUAL_ACQUISITION  (re-cueing camera from acoustic bearing)  priority=ACOUSTIC
2026-08-12 13:34:03,525 INFO    station.fusion     STATE VISUAL_ACQUISITION -> ACOUSTIC_TRACKING  (target left camera range)  priority=ACOUSTIC
2026-08-12 13:34:03,590 INFO    station.fusion     STATE ACOUSTIC_TRACKING -> VISUAL_TRACKING  (YOLO confirmed the target)  priority=CAMERA
2026-08-12 13:34:03,640 INFO    station.fusion     STATE VISUAL_TRACKING -> VISUAL_LOST_ACOUSTIC_TRACKING  (visual track lost, acoustic still holds the target)  priority=ACOUSTIC
2026-08-12 13:34:03,640 INFO    station.fusion     STATE VISUAL_LOST_ACOUSTIC_TRACKING -> VISUAL_ACQUISITION  (re-cueing camera from acoustic bearing)  priority=ACOUSTIC
2026-08-12 13:34:03,640 INFO    station.fusion     STATE VISUAL_ACQUISITION -> ACOUSTIC_TRACKING  (target left camera range)  priority=ACOUSTIC
2026-08-12 13:34:03,690 INFO    station.fusion     STATE ACOUSTIC_TRACKING -> VISUAL_TRACKING  (YOLO confirmed the target)  priority=CAMERA
2026-08-12 13:34:04,023 INFO    station.fusion     STATE VISUAL_TRACKING -> VISUAL_LOST_ACOUSTIC_TRACKING  (visual track lost, acoustic still holds the target)  priority=ACOUSTIC
2026-08-12 13:34:04,023 INFO    station.fusion     STATE VISUAL_LOST_ACOUSTIC_TRACKING -> VISUAL_ACQUISITION  (re-cueing camera from acoustic bearing)  priority=ACOUSTIC
2026-08-12 13:34:04,023 INFO    station.fusion     STATE VISUAL_ACQUISITION -> ACOUSTIC_TRACKING  (target left camera range)  priority=ACOUSTIC
2026-08-12 13:34:04,106 INFO    station.fusion     STATE ACOUSTIC_TRACKING -> VISUAL_TRACKING  (YOLO confirmed the target)  priority=CAMERA
2026-08-12 13:34:04,123 INFO    station.fusion     STATE VISUAL_TRACKING -> VISUAL_LOST_ACOUSTIC_TRACKING  (visual track lost, acoustic still holds the target)  priority=ACOUSTIC
2026-08-12 13:34:04,123 INFO    station.fusion     STATE VISUAL_LOST_ACOUSTIC_TRACKING -> VISUAL_ACQUISITION  (re-cueing camera from acoustic bearing)  priority=ACOUSTIC
2026-08-12 13:34:04,123 INFO    station.fusion     STATE VISUAL_ACQUISITION -> ACOUSTIC_TRACKING  (target left camera range)  priority=ACOUSTIC
2026-08-12 13:34:04,173 INFO    station.fusion     STATE ACOUSTIC_TRACKING -> VISUAL_TRACKING  (YOLO confirmed the target)  priority=CAMERA
2026-08-12 13:34:04,473 INFO    station.fusion     STATE SEARCHING -> ACOUSTIC_DETECTED  (acoustic contact)  priority=ACOUSTIC
2026-08-12 13:34:04,473 INFO    station.fusion     STATE ACOUSTIC_DETECTED -> ACOUSTIC_TRACKING  (acoustic alarm confirmed)  priority=ACOUSTIC
2026-08-12 13:34:04,473 INFO    station.fusion     STATE SEARCHING -> ACOUSTIC_DETECTED  (acoustic contact)  priority=ACOUSTIC
2026-08-12 13:34:04,473 INFO    station.fusion     STATE ACOUSTIC_DETECTED -> ACOUSTIC_TRACKING  (acoustic alarm confirmed)  priority=ACOUSTIC
2026-08-12 13:34:04,489 INFO    station.fusion     STATE ACOUSTIC_TRACKING -> VISUAL_ACQUISITION  (acoustic confirmed; range unknown, acquiring anyway)  priority=ACOUSTIC
2026-08-12 13:34:04,491 INFO    station.fusion     STATE SEARCHING -> ACOUSTIC_DETECTED  (acoustic contact)  priority=ACOUSTIC
2026-08-12 13:34:04,491 INFO    station.fusion     STATE ACOUSTIC_DETECTED -> ACOUSTIC_TRACKING  (acoustic alarm confirmed)  priority=ACOUSTIC
2026-08-12 13:34:04,514 INFO    station.fusion     STATE ACOUSTIC_TRACKING -> TARGET_LOST  (both sensors lost the target (9.0s without contact))  priority=NONE
2026-08-12 13:34:06,440 INFO    station.fusion     STATE SEARCHING -> ACOUSTIC_DETECTED  (acoustic contact)  priority=ACOUSTIC
2026-08-12 13:34:06,440 INFO    station.fusion     STATE SEARCHING -> ACOUSTIC_DETECTED  (acoustic contact)  priority=ACOUSTIC
2026-08-12 13:34:06,440 INFO    station.fusion     STATE ACOUSTIC_DETECTED -> ACOUSTIC_TRACKING  (acoustic alarm confirmed)  priority=ACOUSTIC
2026-08-12 13:34:06,440 INFO    station.fusion     STATE ACOUSTIC_TRACKING -> VISUAL_TRACKING  (YOLO confirmed the target)  priority=CAMERA
2026-08-12 13:34:06,440 INFO    station.fusion     STATE SEARCHING -> ACOUSTIC_DETECTED  (acoustic contact)  priority=ACOUSTIC
2026-08-12 13:34:06,440 INFO    station.fusion     STATE ACOUSTIC_DETECTED -> ACOUSTIC_TRACKING  (acoustic alarm confirmed)  priority=ACOUSTIC
2026-08-12 13:34:06,440 INFO    station.fusion     STATE ACOUSTIC_TRACKING -> VISUAL_TRACKING  (YOLO confirmed the target)  priority=CAMERA
2026-08-12 13:34:06,440 INFO    station.fusion     STATE VISUAL_TRACKING -> VISUAL_LOST_ACOUSTIC_TRACKING  (visual track lost, acoustic still holds the target)  priority=ACOUSTIC
2026-08-12 13:34:06,440 INFO    station.fusion     STATE SEARCHING -> ACOUSTIC_DETECTED  (acoustic contact)  priority=ACOUSTIC
2026-08-12 13:34:06,440 INFO    station.fusion     STATE ACOUSTIC_DETECTED -> ACOUSTIC_TRACKING  (acoustic alarm confirmed)  priority=ACOUSTIC
2026-08-12 13:34:06,440 INFO    station.fusion     STATE SEARCHING -> ACOUSTIC_DETECTED  (acoustic contact)  priority=ACOUSTIC
2026-08-12 13:34:06,440 INFO    station.fusion     STATE ACOUSTIC_DETECTED -> ACOUSTIC_TRACKING  (acoustic alarm confirmed)  priority=ACOUSTIC
2026-08-12 13:37:09,222 INFO    station.main       ==============================================================
2026-08-12 13:37:09,222 INFO    station.main       DRONE DETECTION STATION — acoustic + visual sensor fusion
2026-08-12 13:37:09,222 INFO    station.main       ==============================================================
2026-08-12 13:37:09,222 INFO    station.main         camera 0 (FAR/IMX477): focal 1274 px, derived visual range ~20 m
2026-08-12 13:37:09,222 INFO    station.main         camera 1 (NEAR/IMX708): focal 502 px, derived visual range ~8 m
2026-08-12 13:37:09,222 INFO    station.main         camera 0: boresight azimuth NOT CALIBRATED -> acoustic bearing cue disabled
2026-08-12 13:37:09,222 INFO    station.main         camera 1: boresight azimuth NOT CALIBRATED -> acoustic bearing cue disabled
2026-08-12 13:37:09,222 INFO    station.main         camera-range gate: acquire <= 20 m, release > 30 m
2026-08-12 13:37:09,222 INFO    station.main         ^ DERIVED from optics, not assumed. A 0.25 m drone spans 16 px at 20 m on the FAR camera, which is the smallest box this configuration expects the detector to resolve.
2026-08-12 13:37:09,222 INFO    station.main         camera switch: NEAR below 1.50 m, FAR above 2.00 m, 5-frame confirmation
2026-08-12 13:37:09,222 INFO    station.main         HEF: C:\Users\user\Drone_AI\acoustic_radar\bestty_yolo260508.hef
2026-08-12 13:37:09,222 INFO    station.main       --------------------------------------------------------------
2026-08-12 13:37:09,622 INFO    station.acoustic   loading acoustic model...
2026-08-12 13:37:09,771 INFO    station.acoustic   acoustic model loaded (decision threshold 0.775)
2026-08-12 13:37:10,237 INFO    station.acoustic   microphone: Microphone Array (Realtek High  — 2 кан. @ 16000 Гц (оброблене стерео)
2026-08-12 13:37:10,237 INFO    station.acoustic   DOA: USB DOA: ❌ недоступний | SRP-PHAT: доступний | зсув +0°
2026-08-12 13:37:10,484 INFO    station.acoustic   audio logging: C:\Users\user\Drone_AI\acoustic_radar\detections (0 saved)
2026-08-12 13:37:10,484 INFO    station.acoustic   acoustic loop running (2.0 Hz decision rate, 500 ms processing budget per block)
2026-08-12 13:37:11,255 INFO    station.main       shutting down...
2026-08-12 13:37:11,538 INFO    station.acoustic   acoustic block processing: mean 0 ms, max 0 ms (budget 500 ms)
2026-08-12 13:37:11,538 INFO    station.acoustic   acoustic worker stopped
2026-08-12 13:37:11,538 INFO    station.main       session: 2 s, 57 UI frames (24.6 fps average)
2026-08-12 13:37:11,538 INFO    station.main       stopped.
2026-08-12 13:37:45,151 INFO    station.main       ==============================================================
2026-08-12 13:37:45,151 INFO    station.main       DRONE DETECTION STATION — acoustic + visual sensor fusion
2026-08-12 13:37:45,151 INFO    station.main       ==============================================================
2026-08-12 13:37:45,151 INFO    station.main         camera 0 (FAR/IMX477): focal 1274 px, derived visual range ~20 m
2026-08-12 13:37:45,151 INFO    station.main         camera 1 (NEAR/IMX708): focal 502 px, derived visual range ~8 m
2026-08-12 13:37:45,151 INFO    station.main         camera 0: boresight azimuth NOT CALIBRATED -> acoustic bearing cue disabled
2026-08-12 13:37:45,151 INFO    station.main         camera 1: boresight azimuth NOT CALIBRATED -> acoustic bearing cue disabled
2026-08-12 13:37:45,151 INFO    station.main         camera-range gate: acquire <= 20 m, release > 30 m
2026-08-12 13:37:45,151 INFO    station.main         ^ DERIVED from optics, not assumed. A 0.25 m drone spans 16 px at 20 m on the FAR camera, which is the smallest box this configuration expects the detector to resolve.
2026-08-12 13:37:45,151 INFO    station.main         camera switch: NEAR below 1.50 m, FAR above 2.00 m, 5-frame confirmation
2026-08-12 13:37:45,151 INFO    station.main         HEF: C:\Users\user\Drone_AI\acoustic_radar\bestty_yolo260508.hef
2026-08-12 13:37:45,151 INFO    station.main       --------------------------------------------------------------
2026-08-12 13:37:45,535 INFO    station.acoustic   loading acoustic model...
2026-08-12 13:37:45,683 INFO    station.acoustic   acoustic model loaded (decision threshold 0.775)
2026-08-12 13:37:46,152 INFO    station.acoustic   microphone: Microphone Array (Realtek High  — 2 кан. @ 16000 Гц (оброблене стерео)
2026-08-12 13:37:46,152 INFO    station.acoustic   DOA: USB DOA: ❌ недоступний | SRP-PHAT: доступний | зсув +0°
2026-08-12 13:37:46,152 WARNING station.acoustic   range calibration looks HAND-WRITTEN, not measured: ref 10 m @ -35 dBFS with no range_spreading_db key, which `calibrate.py range` always writes.
2026-08-12 13:37:46,152 WARNING station.acoustic     -> every distance in metres shown by the acoustic sensor is therefore ARBITRARY. Run `python calibrate.py range` with a real drone at a known distance before trusting any of them.
2026-08-12 13:37:46,333 INFO    station.acoustic   audio logging: C:\Users\user\Drone_AI\acoustic_radar\detections (0 saved)
2026-08-12 13:37:46,334 INFO    station.acoustic   acoustic loop running (2.0 Hz decision rate, 500 ms processing budget per block)
2026-08-12 13:37:47,174 INFO    station.main       shutting down...
2026-08-12 13:37:47,385 INFO    station.acoustic   acoustic block processing: mean 0 ms, max 0 ms (budget 500 ms)
2026-08-12 13:37:47,385 INFO    station.acoustic   acoustic worker stopped
2026-08-12 13:37:47,385 INFO    station.main       session: 2 s, 57 UI frames (25.5 fps average)
2026-08-12 13:37:47,385 INFO    station.main       stopped.
2026-08-12 13:38:01,716 INFO    station.fusion     STATE SEARCHING -> ACOUSTIC_DETECTED  (acoustic contact)  priority=ACOUSTIC
2026-08-12 13:38:01,716 INFO    station.fusion     STATE ACOUSTIC_DETECTED -> ACOUSTIC_TRACKING  (acoustic alarm confirmed)  priority=ACOUSTIC
2026-08-12 13:38:01,716 INFO    station.fusion     STATE ACOUSTIC_TRACKING -> VISUAL_TRACKING  (YOLO confirmed the target)  priority=CAMERA
2026-08-12 13:38:01,716 INFO    station.fusion     STATE SEARCHING -> ACOUSTIC_DETECTED  (acoustic contact)  priority=ACOUSTIC
2026-08-12 13:38:01,716 INFO    station.fusion     STATE ACOUSTIC_DETECTED -> ACOUSTIC_TRACKING  (acoustic alarm confirmed)  priority=ACOUSTIC
2026-08-12 13:38:01,716 INFO    station.fusion     STATE ACOUSTIC_TRACKING -> VISUAL_TRACKING  (YOLO confirmed the target)  priority=CAMERA
2026-08-12 13:38:01,716 INFO    station.fusion     STATE VISUAL_TRACKING -> VISUAL_LOST_ACOUSTIC_TRACKING  (visual track lost, acoustic still holds the target)  priority=ACOUSTIC
2026-08-12 13:38:01,716 INFO    station.fusion     STATE VISUAL_LOST_ACOUSTIC_TRACKING -> VISUAL_ACQUISITION  (re-cueing camera from acoustic bearing)  priority=ACOUSTIC
2026-08-12 13:38:01,716 INFO    station.fusion     STATE VISUAL_ACQUISITION -> ACOUSTIC_TRACKING  (camera offline, reverting to acoustic)  priority=ACOUSTIC
2026-08-12 13:38:01,716 INFO    station.fusion     STATE SEARCHING -> ACOUSTIC_DETECTED  (acoustic contact)  priority=ACOUSTIC
2026-08-12 13:38:01,716 INFO    station.fusion     STATE ACOUSTIC_DETECTED -> ACOUSTIC_TRACKING  (acoustic alarm confirmed)  priority=ACOUSTIC
2026-08-12 13:38:01,766 INFO    station.fusion     STATE ACOUSTIC_TRACKING -> VISUAL_TRACKING  (YOLO confirmed the target)  priority=CAMERA
2026-08-12 13:38:02,099 INFO    station.fusion     STATE VISUAL_TRACKING -> VISUAL_LOST_ACOUSTIC_TRACKING  (visual track lost, acoustic still holds the target)  priority=ACOUSTIC
2026-08-12 13:38:02,099 INFO    station.fusion     STATE VISUAL_LOST_ACOUSTIC_TRACKING -> VISUAL_ACQUISITION  (re-cueing camera from acoustic bearing)  priority=ACOUSTIC
2026-08-12 13:38:02,099 INFO    station.fusion     STATE VISUAL_ACQUISITION -> ACOUSTIC_TRACKING  (target left camera range)  priority=ACOUSTIC
2026-08-12 13:38:02,166 INFO    station.fusion     STATE ACOUSTIC_TRACKING -> VISUAL_TRACKING  (YOLO confirmed the target)  priority=CAMERA
2026-08-12 13:38:02,216 INFO    station.fusion     STATE VISUAL_TRACKING -> VISUAL_LOST_ACOUSTIC_TRACKING  (visual track lost, acoustic still holds the target)  priority=ACOUSTIC
2026-08-12 13:38:02,216 INFO    station.fusion     STATE VISUAL_LOST_ACOUSTIC_TRACKING -> VISUAL_ACQUISITION  (re-cueing camera from acoustic bearing)  priority=ACOUSTIC
2026-08-12 13:38:02,216 INFO    station.fusion     STATE VISUAL_ACQUISITION -> ACOUSTIC_TRACKING  (target left camera range)  priority=ACOUSTIC
2026-08-12 13:38:02,266 INFO    station.fusion     STATE ACOUSTIC_TRACKING -> VISUAL_TRACKING  (YOLO confirmed the target)  priority=CAMERA
2026-08-12 13:38:02,674 INFO    station.fusion     STATE VISUAL_TRACKING -> VISUAL_LOST_ACOUSTIC_TRACKING  (visual track lost, acoustic still holds the target)  priority=ACOUSTIC
2026-08-12 13:38:02,674 INFO    station.fusion     STATE VISUAL_LOST_ACOUSTIC_TRACKING -> VISUAL_ACQUISITION  (re-cueing camera from acoustic bearing)  priority=ACOUSTIC
2026-08-12 13:38:02,674 INFO    station.fusion     STATE VISUAL_ACQUISITION -> ACOUSTIC_TRACKING  (target left camera range)  priority=ACOUSTIC
2026-08-12 13:38:02,749 INFO    station.fusion     STATE ACOUSTIC_TRACKING -> VISUAL_TRACKING  (YOLO confirmed the target)  priority=CAMERA
2026-08-12 13:38:02,788 INFO    station.fusion     STATE VISUAL_TRACKING -> VISUAL_LOST_ACOUSTIC_TRACKING  (visual track lost, acoustic still holds the target)  priority=ACOUSTIC
2026-08-12 13:38:02,788 INFO    station.fusion     STATE VISUAL_LOST_ACOUSTIC_TRACKING -> VISUAL_ACQUISITION  (re-cueing camera from acoustic bearing)  priority=ACOUSTIC
2026-08-12 13:38:02,788 INFO    station.fusion     STATE VISUAL_ACQUISITION -> ACOUSTIC_TRACKING  (target left camera range)  priority=ACOUSTIC
2026-08-12 13:38:02,848 INFO    station.fusion     STATE ACOUSTIC_TRACKING -> VISUAL_TRACKING  (YOLO confirmed the target)  priority=CAMERA
2026-08-12 13:38:03,171 INFO    station.fusion     STATE VISUAL_TRACKING -> VISUAL_LOST_ACOUSTIC_TRACKING  (visual track lost, acoustic still holds the target)  priority=ACOUSTIC
2026-08-12 13:38:03,172 INFO    station.fusion     STATE VISUAL_LOST_ACOUSTIC_TRACKING -> VISUAL_ACQUISITION  (re-cueing camera from acoustic bearing)  priority=ACOUSTIC
2026-08-12 13:38:03,172 INFO    station.fusion     STATE VISUAL_ACQUISITION -> ACOUSTIC_TRACKING  (target left camera range)  priority=ACOUSTIC
2026-08-12 13:38:03,249 INFO    station.fusion     STATE ACOUSTIC_TRACKING -> VISUAL_TRACKING  (YOLO confirmed the target)  priority=CAMERA
2026-08-12 13:38:03,288 INFO    station.fusion     STATE VISUAL_TRACKING -> VISUAL_LOST_ACOUSTIC_TRACKING  (visual track lost, acoustic still holds the target)  priority=ACOUSTIC
2026-08-12 13:38:03,288 INFO    station.fusion     STATE VISUAL_LOST_ACOUSTIC_TRACKING -> VISUAL_ACQUISITION  (re-cueing camera from acoustic bearing)  priority=ACOUSTIC
2026-08-12 13:38:03,288 INFO    station.fusion     STATE VISUAL_ACQUISITION -> ACOUSTIC_TRACKING  (target left camera range)  priority=ACOUSTIC
2026-08-12 13:38:03,333 INFO    station.fusion     STATE ACOUSTIC_TRACKING -> VISUAL_TRACKING  (YOLO confirmed the target)  priority=CAMERA
2026-08-12 13:38:03,663 INFO    station.fusion     STATE VISUAL_TRACKING -> VISUAL_LOST_ACOUSTIC_TRACKING  (visual track lost, acoustic still holds the target)  priority=ACOUSTIC
2026-08-12 13:38:03,671 INFO    station.fusion     STATE VISUAL_LOST_ACOUSTIC_TRACKING -> VISUAL_ACQUISITION  (re-cueing camera from acoustic bearing)  priority=ACOUSTIC
2026-08-12 13:38:03,672 INFO    station.fusion     STATE VISUAL_ACQUISITION -> ACOUSTIC_TRACKING  (target left camera range)  priority=ACOUSTIC
2026-08-12 13:38:03,740 INFO    station.fusion     STATE ACOUSTIC_TRACKING -> VISUAL_TRACKING  (YOLO confirmed the target)  priority=CAMERA
2026-08-12 13:38:03,772 INFO    station.fusion     STATE VISUAL_TRACKING -> VISUAL_LOST_ACOUSTIC_TRACKING  (visual track lost, acoustic still holds the target)  priority=ACOUSTIC
2026-08-12 13:38:03,773 INFO    station.fusion     STATE VISUAL_LOST_ACOUSTIC_TRACKING -> VISUAL_ACQUISITION  (re-cueing camera from acoustic bearing)  priority=ACOUSTIC
2026-08-12 13:38:03,773 INFO    station.fusion     STATE VISUAL_ACQUISITION -> ACOUSTIC_TRACKING  (target left camera range)  priority=ACOUSTIC
2026-08-12 13:38:03,824 INFO    station.fusion     STATE ACOUSTIC_TRACKING -> VISUAL_TRACKING  (YOLO confirmed the target)  priority=CAMERA
2026-08-12 13:38:04,150 INFO    station.fusion     STATE VISUAL_TRACKING -> VISUAL_LOST_ACOUSTIC_TRACKING  (visual track lost, acoustic still holds the target)  priority=ACOUSTIC
2026-08-12 13:38:04,150 INFO    station.fusion     STATE VISUAL_LOST_ACOUSTIC_TRACKING -> VISUAL_ACQUISITION  (re-cueing camera from acoustic bearing)  priority=ACOUSTIC
2026-08-12 13:38:04,150 INFO    station.fusion     STATE VISUAL_ACQUISITION -> ACOUSTIC_TRACKING  (target left camera range)  priority=ACOUSTIC
2026-08-12 13:38:04,232 INFO    station.fusion     STATE ACOUSTIC_TRACKING -> VISUAL_TRACKING  (YOLO confirmed the target)  priority=CAMERA
2026-08-12 13:38:04,266 INFO    station.fusion     STATE VISUAL_TRACKING -> VISUAL_LOST_ACOUSTIC_TRACKING  (visual track lost, acoustic still holds the target)  priority=ACOUSTIC
2026-08-12 13:38:04,266 INFO    station.fusion     STATE VISUAL_LOST_ACOUSTIC_TRACKING -> VISUAL_ACQUISITION  (re-cueing camera from acoustic bearing)  priority=ACOUSTIC
2026-08-12 13:38:04,266 INFO    station.fusion     STATE VISUAL_ACQUISITION -> ACOUSTIC_TRACKING  (target left camera range)  priority=ACOUSTIC
2026-08-12 13:38:04,330 INFO    station.fusion     STATE ACOUSTIC_TRACKING -> VISUAL_TRACKING  (YOLO confirmed the target)  priority=CAMERA
2026-08-12 13:38:04,631 INFO    station.fusion     STATE VISUAL_TRACKING -> VISUAL_LOST_ACOUSTIC_TRACKING  (visual track lost, acoustic still holds the target)  priority=ACOUSTIC
2026-08-12 13:38:04,631 INFO    station.fusion     STATE VISUAL_LOST_ACOUSTIC_TRACKING -> VISUAL_ACQUISITION  (re-cueing camera from acoustic bearing)  priority=ACOUSTIC
2026-08-12 13:38:04,631 INFO    station.fusion     STATE VISUAL_ACQUISITION -> ACOUSTIC_TRACKING  (target left camera range)  priority=ACOUSTIC
2026-08-12 13:38:04,698 INFO    station.fusion     STATE ACOUSTIC_TRACKING -> VISUAL_TRACKING  (YOLO confirmed the target)  priority=CAMERA
2026-08-12 13:38:04,732 INFO    station.fusion     STATE VISUAL_TRACKING -> VISUAL_LOST_ACOUSTIC_TRACKING  (visual track lost, acoustic still holds the target)  priority=ACOUSTIC
2026-08-12 13:38:04,732 INFO    station.fusion     STATE VISUAL_LOST_ACOUSTIC_TRACKING -> VISUAL_ACQUISITION  (re-cueing camera from acoustic bearing)  priority=ACOUSTIC
2026-08-12 13:38:04,732 INFO    station.fusion     STATE VISUAL_ACQUISITION -> ACOUSTIC_TRACKING  (target left camera range)  priority=ACOUSTIC
2026-08-12 13:38:04,788 INFO    station.fusion     STATE ACOUSTIC_TRACKING -> VISUAL_TRACKING  (YOLO confirmed the target)  priority=CAMERA
2026-08-12 13:38:05,098 INFO    station.fusion     STATE VISUAL_TRACKING -> VISUAL_LOST_ACOUSTIC_TRACKING  (visual track lost, acoustic still holds the target)  priority=ACOUSTIC
2026-08-12 13:38:05,098 INFO    station.fusion     STATE VISUAL_LOST_ACOUSTIC_TRACKING -> VISUAL_ACQUISITION  (re-cueing camera from acoustic bearing)  priority=ACOUSTIC
2026-08-12 13:38:05,098 INFO    station.fusion     STATE VISUAL_ACQUISITION -> ACOUSTIC_TRACKING  (target left camera range)  priority=ACOUSTIC
2026-08-12 13:38:05,182 INFO    station.fusion     STATE ACOUSTIC_TRACKING -> VISUAL_TRACKING  (YOLO confirmed the target)  priority=CAMERA
2026-08-12 13:38:05,215 INFO    station.fusion     STATE VISUAL_TRACKING -> VISUAL_LOST_ACOUSTIC_TRACKING  (visual track lost, acoustic still holds the target)  priority=ACOUSTIC
2026-08-12 13:38:05,215 INFO    station.fusion     STATE VISUAL_LOST_ACOUSTIC_TRACKING -> VISUAL_ACQUISITION  (re-cueing camera from acoustic bearing)  priority=ACOUSTIC
2026-08-12 13:38:05,215 INFO    station.fusion     STATE VISUAL_ACQUISITION -> ACOUSTIC_TRACKING  (target left camera range)  priority=ACOUSTIC
2026-08-12 13:38:05,265 INFO    station.fusion     STATE ACOUSTIC_TRACKING -> VISUAL_TRACKING  (YOLO confirmed the target)  priority=CAMERA
2026-08-12 13:38:05,597 INFO    station.fusion     STATE VISUAL_TRACKING -> VISUAL_LOST_ACOUSTIC_TRACKING  (visual track lost, acoustic still holds the target)  priority=ACOUSTIC
2026-08-12 13:38:05,597 INFO    station.fusion     STATE VISUAL_LOST_ACOUSTIC_TRACKING -> VISUAL_ACQUISITION  (re-cueing camera from acoustic bearing)  priority=ACOUSTIC
2026-08-12 13:38:05,597 INFO    station.fusion     STATE VISUAL_ACQUISITION -> ACOUSTIC_TRACKING  (target left camera range)  priority=ACOUSTIC
2026-08-12 13:38:05,671 INFO    station.fusion     STATE ACOUSTIC_TRACKING -> VISUAL_TRACKING  (YOLO confirmed the target)  priority=CAMERA
2026-08-12 13:38:05,697 INFO    station.fusion     STATE VISUAL_TRACKING -> VISUAL_LOST_ACOUSTIC_TRACKING  (visual track lost, acoustic still holds the target)  priority=ACOUSTIC
2026-08-12 13:38:05,697 INFO    station.fusion     STATE VISUAL_LOST_ACOUSTIC_TRACKING -> VISUAL_ACQUISITION  (re-cueing camera from acoustic bearing)  priority=ACOUSTIC
2026-08-12 13:38:05,697 INFO    station.fusion     STATE VISUAL_ACQUISITION -> ACOUSTIC_TRACKING  (target left camera range)  priority=ACOUSTIC
2026-08-12 13:38:05,749 INFO    station.fusion     STATE ACOUSTIC_TRACKING -> VISUAL_TRACKING  (YOLO confirmed the target)  priority=CAMERA
2026-08-12 13:38:06,064 INFO    station.fusion     STATE VISUAL_TRACKING -> VISUAL_LOST_ACOUSTIC_TRACKING  (visual track lost, acoustic still holds the target)  priority=ACOUSTIC
2026-08-12 13:38:06,064 INFO    station.fusion     STATE VISUAL_LOST_ACOUSTIC_TRACKING -> VISUAL_ACQUISITION  (re-cueing camera from acoustic bearing)  priority=ACOUSTIC
2026-08-12 13:38:06,064 INFO    station.fusion     STATE VISUAL_ACQUISITION -> ACOUSTIC_TRACKING  (target left camera range)  priority=ACOUSTIC
2026-08-12 13:38:06,149 INFO    station.fusion     STATE ACOUSTIC_TRACKING -> VISUAL_TRACKING  (YOLO confirmed the target)  priority=CAMERA
2026-08-12 13:38:06,190 INFO    station.fusion     STATE VISUAL_TRACKING -> VISUAL_LOST_ACOUSTIC_TRACKING  (visual track lost, acoustic still holds the target)  priority=ACOUSTIC
2026-08-12 13:38:06,190 INFO    station.fusion     STATE VISUAL_LOST_ACOUSTIC_TRACKING -> VISUAL_ACQUISITION  (re-cueing camera from acoustic bearing)  priority=ACOUSTIC
2026-08-12 13:38:06,190 INFO    station.fusion     STATE VISUAL_ACQUISITION -> ACOUSTIC_TRACKING  (target left camera range)  priority=ACOUSTIC
2026-08-12 13:38:06,240 INFO    station.fusion     STATE ACOUSTIC_TRACKING -> VISUAL_TRACKING  (YOLO confirmed the target)  priority=CAMERA
2026-08-12 13:38:06,549 INFO    station.fusion     STATE VISUAL_TRACKING -> VISUAL_LOST_ACOUSTIC_TRACKING  (visual track lost, acoustic still holds the target)  priority=ACOUSTIC
2026-08-12 13:38:06,564 INFO    station.fusion     STATE VISUAL_LOST_ACOUSTIC_TRACKING -> VISUAL_ACQUISITION  (re-cueing camera from acoustic bearing)  priority=ACOUSTIC
2026-08-12 13:38:06,566 INFO    station.fusion     STATE VISUAL_ACQUISITION -> ACOUSTIC_TRACKING  (target left camera range)  priority=ACOUSTIC
2026-08-12 13:38:06,638 INFO    station.fusion     STATE ACOUSTIC_TRACKING -> VISUAL_TRACKING  (YOLO confirmed the target)  priority=CAMERA
2026-08-12 13:38:06,665 INFO    station.fusion     STATE VISUAL_TRACKING -> VISUAL_LOST_ACOUSTIC_TRACKING  (visual track lost, acoustic still holds the target)  priority=ACOUSTIC
2026-08-12 13:38:06,665 INFO    station.fusion     STATE VISUAL_LOST_ACOUSTIC_TRACKING -> VISUAL_ACQUISITION  (re-cueing camera from acoustic bearing)  priority=ACOUSTIC
2026-08-12 13:38:06,665 INFO    station.fusion     STATE VISUAL_ACQUISITION -> ACOUSTIC_TRACKING  (target left camera range)  priority=ACOUSTIC
2026-08-12 13:38:06,716 INFO    station.fusion     STATE ACOUSTIC_TRACKING -> VISUAL_TRACKING  (YOLO confirmed the target)  priority=CAMERA
2026-08-12 13:38:07,033 INFO    station.fusion     STATE VISUAL_TRACKING -> VISUAL_LOST_ACOUSTIC_TRACKING  (visual track lost, acoustic still holds the target)  priority=ACOUSTIC
2026-08-12 13:38:07,033 INFO    station.fusion     STATE VISUAL_LOST_ACOUSTIC_TRACKING -> VISUAL_ACQUISITION  (re-cueing camera from acoustic bearing)  priority=ACOUSTIC
2026-08-12 13:38:07,033 INFO    station.fusion     STATE VISUAL_ACQUISITION -> ACOUSTIC_TRACKING  (target left camera range)  priority=ACOUSTIC
2026-08-12 13:38:07,115 INFO    station.fusion     STATE ACOUSTIC_TRACKING -> VISUAL_TRACKING  (YOLO confirmed the target)  priority=CAMERA
2026-08-12 13:38:07,149 INFO    station.fusion     STATE VISUAL_TRACKING -> VISUAL_LOST_ACOUSTIC_TRACKING  (visual track lost, acoustic still holds the target)  priority=ACOUSTIC
2026-08-12 13:38:07,149 INFO    station.fusion     STATE VISUAL_LOST_ACOUSTIC_TRACKING -> VISUAL_ACQUISITION  (re-cueing camera from acoustic bearing)  priority=ACOUSTIC
2026-08-12 13:38:07,149 INFO    station.fusion     STATE VISUAL_ACQUISITION -> ACOUSTIC_TRACKING  (target left camera range)  priority=ACOUSTIC
2026-08-12 13:38:07,214 INFO    station.fusion     STATE ACOUSTIC_TRACKING -> VISUAL_TRACKING  (YOLO confirmed the target)  priority=CAMERA
2026-08-12 13:38:07,531 INFO    station.fusion     STATE VISUAL_TRACKING -> VISUAL_LOST_ACOUSTIC_TRACKING  (visual track lost, acoustic still holds the target)  priority=ACOUSTIC
2026-08-12 13:38:07,531 INFO    station.fusion     STATE VISUAL_LOST_ACOUSTIC_TRACKING -> VISUAL_ACQUISITION  (re-cueing camera from acoustic bearing)  priority=ACOUSTIC
2026-08-12 13:38:07,531 INFO    station.fusion     STATE VISUAL_ACQUISITION -> ACOUSTIC_TRACKING  (target left camera range)  priority=ACOUSTIC
2026-08-12 13:38:07,597 INFO    station.fusion     STATE ACOUSTIC_TRACKING -> VISUAL_TRACKING  (YOLO confirmed the target)  priority=CAMERA
2026-08-12 13:38:07,631 INFO    station.fusion     STATE VISUAL_TRACKING -> VISUAL_LOST_ACOUSTIC_TRACKING  (visual track lost, acoustic still holds the target)  priority=ACOUSTIC
2026-08-12 13:38:07,631 INFO    station.fusion     STATE VISUAL_LOST_ACOUSTIC_TRACKING -> VISUAL_ACQUISITION  (re-cueing camera from acoustic bearing)  priority=ACOUSTIC
2026-08-12 13:38:07,631 INFO    station.fusion     STATE VISUAL_ACQUISITION -> ACOUSTIC_TRACKING  (target left camera range)  priority=ACOUSTIC
2026-08-12 13:38:07,681 INFO    station.fusion     STATE ACOUSTIC_TRACKING -> VISUAL_TRACKING  (YOLO confirmed the target)  priority=CAMERA
2026-08-12 13:38:07,997 INFO    station.fusion     STATE VISUAL_TRACKING -> VISUAL_LOST_ACOUSTIC_TRACKING  (visual track lost, acoustic still holds the target)  priority=ACOUSTIC
2026-08-12 13:38:08,003 INFO    station.fusion     STATE VISUAL_LOST_ACOUSTIC_TRACKING -> VISUAL_ACQUISITION  (re-cueing camera from acoustic bearing)  priority=ACOUSTIC
2026-08-12 13:38:08,003 INFO    station.fusion     STATE VISUAL_ACQUISITION -> ACOUSTIC_TRACKING  (target left camera range)  priority=ACOUSTIC
2026-08-12 13:38:08,081 INFO    station.fusion     STATE ACOUSTIC_TRACKING -> VISUAL_TRACKING  (YOLO confirmed the target)  priority=CAMERA
2026-08-12 13:38:08,114 INFO    station.fusion     STATE VISUAL_TRACKING -> VISUAL_LOST_ACOUSTIC_TRACKING  (visual track lost, acoustic still holds the target)  priority=ACOUSTIC
2026-08-12 13:38:08,114 INFO    station.fusion     STATE VISUAL_LOST_ACOUSTIC_TRACKING -> VISUAL_ACQUISITION  (re-cueing camera from acoustic bearing)  priority=ACOUSTIC
2026-08-12 13:38:08,114 INFO    station.fusion     STATE VISUAL_ACQUISITION -> ACOUSTIC_TRACKING  (target left camera range)  priority=ACOUSTIC
2026-08-12 13:38:08,164 INFO    station.fusion     STATE ACOUSTIC_TRACKING -> VISUAL_TRACKING  (YOLO confirmed the target)  priority=CAMERA
2026-08-12 13:38:08,487 INFO    station.fusion     STATE VISUAL_TRACKING -> VISUAL_LOST_ACOUSTIC_TRACKING  (visual track lost, acoustic still holds the target)  priority=ACOUSTIC
2026-08-12 13:38:08,487 INFO    station.fusion     STATE VISUAL_LOST_ACOUSTIC_TRACKING -> VISUAL_ACQUISITION  (re-cueing camera from acoustic bearing)  priority=ACOUSTIC
2026-08-12 13:38:08,487 INFO    station.fusion     STATE VISUAL_ACQUISITION -> ACOUSTIC_TRACKING  (target left camera range)  priority=ACOUSTIC
2026-08-12 13:38:08,564 INFO    station.fusion     STATE ACOUSTIC_TRACKING -> VISUAL_TRACKING  (YOLO confirmed the target)  priority=CAMERA
2026-08-12 13:38:08,581 INFO    station.fusion     STATE VISUAL_TRACKING -> VISUAL_LOST_ACOUSTIC_TRACKING  (visual track lost, acoustic still holds the target)  priority=ACOUSTIC
2026-08-12 13:38:08,581 INFO    station.fusion     STATE VISUAL_LOST_ACOUSTIC_TRACKING -> VISUAL_ACQUISITION  (re-cueing camera from acoustic bearing)  priority=ACOUSTIC
2026-08-12 13:38:08,581 INFO    station.fusion     STATE VISUAL_ACQUISITION -> ACOUSTIC_TRACKING  (target left camera range)  priority=ACOUSTIC
2026-08-12 13:38:08,632 INFO    station.fusion     STATE ACOUSTIC_TRACKING -> VISUAL_TRACKING  (YOLO confirmed the target)  priority=CAMERA
2026-08-12 13:38:08,947 INFO    station.fusion     STATE VISUAL_TRACKING -> VISUAL_LOST_ACOUSTIC_TRACKING  (visual track lost, acoustic still holds the target)  priority=ACOUSTIC
2026-08-12 13:38:08,947 INFO    station.fusion     STATE VISUAL_LOST_ACOUSTIC_TRACKING -> VISUAL_ACQUISITION  (re-cueing camera from acoustic bearing)  priority=ACOUSTIC
2026-08-12 13:38:08,947 INFO    station.fusion     STATE VISUAL_ACQUISITION -> ACOUSTIC_TRACKING  (target left camera range)  priority=ACOUSTIC
2026-08-12 13:38:09,033 INFO    station.fusion     STATE ACOUSTIC_TRACKING -> VISUAL_TRACKING  (YOLO confirmed the target)  priority=CAMERA
2026-08-12 13:38:09,064 INFO    station.fusion     STATE VISUAL_TRACKING -> VISUAL_LOST_ACOUSTIC_TRACKING  (visual track lost, acoustic still holds the target)  priority=ACOUSTIC
2026-08-12 13:38:09,064 INFO    station.fusion     STATE VISUAL_LOST_ACOUSTIC_TRACKING -> VISUAL_ACQUISITION  (re-cueing camera from acoustic bearing)  priority=ACOUSTIC
2026-08-12 13:38:09,064 INFO    station.fusion     STATE VISUAL_ACQUISITION -> ACOUSTIC_TRACKING  (target left camera range)  priority=ACOUSTIC
2026-08-12 13:38:09,114 INFO    station.fusion     STATE ACOUSTIC_TRACKING -> VISUAL_TRACKING  (YOLO confirmed the target)  priority=CAMERA
2026-08-12 13:38:09,447 INFO    station.fusion     STATE VISUAL_TRACKING -> VISUAL_LOST_ACOUSTIC_TRACKING  (visual track lost, acoustic still holds the target)  priority=ACOUSTIC
2026-08-12 13:38:09,447 INFO    station.fusion     STATE VISUAL_LOST_ACOUSTIC_TRACKING -> VISUAL_ACQUISITION  (re-cueing camera from acoustic bearing)  priority=ACOUSTIC
2026-08-12 13:38:09,447 INFO    station.fusion     STATE VISUAL_ACQUISITION -> ACOUSTIC_TRACKING  (target left camera range)  priority=ACOUSTIC
2026-08-12 13:38:09,531 INFO    station.fusion     STATE ACOUSTIC_TRACKING -> VISUAL_TRACKING  (YOLO confirmed the target)  priority=CAMERA
2026-08-12 13:38:09,547 INFO    station.fusion     STATE VISUAL_TRACKING -> VISUAL_LOST_ACOUSTIC_TRACKING  (visual track lost, acoustic still holds the target)  priority=ACOUSTIC
2026-08-12 13:38:09,547 INFO    station.fusion     STATE VISUAL_LOST_ACOUSTIC_TRACKING -> VISUAL_ACQUISITION  (re-cueing camera from acoustic bearing)  priority=ACOUSTIC
2026-08-12 13:38:09,547 INFO    station.fusion     STATE VISUAL_ACQUISITION -> ACOUSTIC_TRACKING  (target left camera range)  priority=ACOUSTIC
2026-08-12 13:38:09,612 INFO    station.fusion     STATE ACOUSTIC_TRACKING -> VISUAL_TRACKING  (YOLO confirmed the target)  priority=CAMERA
2026-08-12 13:38:09,881 INFO    station.fusion     STATE SEARCHING -> ACOUSTIC_DETECTED  (acoustic contact)  priority=ACOUSTIC
2026-08-12 13:38:09,897 INFO    station.fusion     STATE ACOUSTIC_DETECTED -> ACOUSTIC_TRACKING  (acoustic alarm confirmed)  priority=ACOUSTIC
2026-08-12 13:38:09,897 INFO    station.fusion     STATE SEARCHING -> ACOUSTIC_DETECTED  (acoustic contact)  priority=ACOUSTIC
2026-08-12 13:38:09,897 INFO    station.fusion     STATE ACOUSTIC_DETECTED -> ACOUSTIC_TRACKING  (acoustic alarm confirmed)  priority=ACOUSTIC
2026-08-12 13:38:09,897 INFO    station.fusion     STATE ACOUSTIC_TRACKING -> VISUAL_ACQUISITION  (acoustic confirmed; range unknown, acquiring anyway)  priority=ACOUSTIC
2026-08-12 13:38:09,897 INFO    station.fusion     STATE SEARCHING -> ACOUSTIC_DETECTED  (acoustic contact)  priority=ACOUSTIC
2026-08-12 13:38:09,897 INFO    station.fusion     STATE ACOUSTIC_DETECTED -> ACOUSTIC_TRACKING  (acoustic alarm confirmed)  priority=ACOUSTIC
2026-08-12 13:38:09,914 INFO    station.fusion     STATE ACOUSTIC_TRACKING -> TARGET_LOST  (both sensors lost the target (9.0s without contact))  priority=NONE
2026-08-12 13:38:11,915 INFO    station.fusion     STATE SEARCHING -> ACOUSTIC_DETECTED  (acoustic contact)  priority=ACOUSTIC
2026-08-12 13:38:11,915 INFO    station.fusion     STATE SEARCHING -> ACOUSTIC_DETECTED  (acoustic contact)  priority=ACOUSTIC
2026-08-12 13:38:11,915 INFO    station.fusion     STATE ACOUSTIC_DETECTED -> ACOUSTIC_TRACKING  (acoustic alarm confirmed)  priority=ACOUSTIC
2026-08-12 13:38:11,915 INFO    station.fusion     STATE ACOUSTIC_TRACKING -> VISUAL_TRACKING  (YOLO confirmed the target)  priority=CAMERA
2026-08-12 13:38:11,915 INFO    station.fusion     STATE SEARCHING -> ACOUSTIC_DETECTED  (acoustic contact)  priority=ACOUSTIC
2026-08-12 13:38:11,915 INFO    station.fusion     STATE ACOUSTIC_DETECTED -> ACOUSTIC_TRACKING  (acoustic alarm confirmed)  priority=ACOUSTIC
2026-08-12 13:38:11,915 INFO    station.fusion     STATE ACOUSTIC_TRACKING -> VISUAL_TRACKING  (YOLO confirmed the target)  priority=CAMERA
2026-08-12 13:38:11,915 INFO    station.fusion     STATE VISUAL_TRACKING -> VISUAL_LOST_ACOUSTIC_TRACKING  (visual track lost, acoustic still holds the target)  priority=ACOUSTIC
2026-08-12 13:38:11,915 INFO    station.fusion     STATE SEARCHING -> ACOUSTIC_DETECTED  (acoustic contact)  priority=ACOUSTIC
2026-08-12 13:38:11,915 INFO    station.fusion     STATE ACOUSTIC_DETECTED -> ACOUSTIC_TRACKING  (acoustic alarm confirmed)  priority=ACOUSTIC
2026-08-12 13:38:11,915 INFO    station.fusion     STATE SEARCHING -> ACOUSTIC_DETECTED  (acoustic contact)  priority=ACOUSTIC
2026-08-12 13:38:11,915 INFO    station.fusion     STATE ACOUSTIC_DETECTED -> ACOUSTIC_TRACKING  (acoustic alarm confirmed)  priority=ACOUSTIC
